raining,3
yellow,2
four,1
mirage,2
lord,2
immature,1
sehun,1
delph,3
tantalizing,1
screaming,1
feytyaz,1
wooden,1
neysa,1
fuq,1
wednesday,4
oooh,2
zzzzzz,1
specially,1
tired,6
nige,2
bacon,3
rusty,1
+16508251166,1
hahahahahahahahahahahahahaha,1
fingers,4
moodboster,1
hera,1
error,1
brainwashed,1
here,48
k,20
sigeili,1
fuk,1
karin,1
military,1
friendzone,1
brought,1
tory_headlines,1
spoke,4
browse,1
dnt,2
music,12
therefore,1
until,3
females,2
holy,12
relax,1
yahoo,2
90,2
hold,5
hola,16
locked,1
makenzie,1
vidcon,4
labour-snp,1
chickmt123,1
dragons,1
yepp..,1
want,14
absolute,3
preferably,1
hoe,1
univesity,1
travel,1
hoi,2
machine,8
how,611
hot,7
yum,6
salmond,4
rbkk620,1
beauty,1
geeshh,1
verdehalago,1
wrong,19
chums,1
effective,1
wins,1
post-haste,1
baggage,1
keeps,3
huhuu,1
feedback,9
aargh,1
fix,3
hard-left,1
wales,1
easier,1
glorify,1
nisrina,1
client_amends_edit_5_final_final_final.pdf,1
schools,1
silver,2
hrryok,1
hahahahahaah,1
nawee,1
milliband,36
addicted,1
pleez,1
cchqpress,1
financial,2
snakes,1
istanya,1
allah,1
allan,1
*terrible,1
rt,30
sms,1
re,23
smh,1
millions,1
rj,1
kayla,2
estimate,1
heyyyyyyyyy,1
ate,5
atc,1
chiara,1
sm1,1
heading,2
nigel,191
loool,2
wass,1
wash,3
service,38
peachas,1
hiya,86
bitter,1
listen,6
rewards,1
girlll,1
wisdom,1
aaaahhh,1
hays,3
heyyy,4
showed,2
coward,1
second,10
lonngggg,1
project,2
feeling,8
happinessss~,1
corny,1
person,1
responsible,1
2.75,1
maymay,1
recommended,2
amusing,4
hum,1
maaaaaay,1
shall,1
nuevos,1
shale,1
victoria,1
swiss,1
letter,2
ehdar,1
singer,1
65-09,1
teck,2
scream,1
came,10
saying,4
bomb,2
bonnie,1
urlgen,56
craig_j92,1
tempted,1
busy,9
cousins,1
bellflower,1
shannan,14
'no,1
honda,1
dhis,1
supporters/voters,1
lmao,75
tighty,1
dipping,1
clark.deanna89,1
piggy,1
release,1
wiellys,1
respond,1
fair,10
-its,1
yummmyyy,1
goodnight,15
erika,5
best,64
lots,5
sombrero,1
mashaket,1
lavaya,1
keisha,1
melissa,1
yogurt,2
delphy,1
lamar,1
men,2
meh,2
so..,1
wtf,14
carbon,1
debt,1
resending,1
logic,2
login,1
asked,3
darian,1
27years,1
okkkk,1
2nd,3
matte,1
253,1
blonde,1
fra,1
billing,1
union,2
criticised,1
.,574
much,10
leeteuk,1
life,10
crying,3
eastern,1
irving,1
davy,1
dave,5
child,2
worked,2
chill,3
castro,1
employ,1
demonised,1
orayt,1
congratulation,2
u129,1
controversy,1
u120,1
u121,3
u122,6
jolyon,4
dreamhomeext,1
things,5
craigslist,1
149.95,1
saida,1
neobytes,1
tune,1
imysm,2
zhenya,1
corporate,1
booyah,1
sleeps,1
sleepy,1
birmingham,1
mr2,1
hah,6
hai,1
had,46
hay,5
easy,5
has,48
haw,2
semien,1
deleicious,1
1150,1
possibly,3
bobby,1
alice,1
steph,1
advaddict_15,1
labouroutofscot,1
ola,1
right,45
old,4
people,33
left*,1
for,111
bottom,4
fox,2
umm,6
shakes,1
ill-informed,1
tiburcio,1
yoko,1
filipino,1
o,13
slightly,2
yikes.sorry.never,1
sod,1
sol,17
soo,3
son,1
wrap,1
soz,2
hallo,5
fabric,1
malcom,1
knowing,1
absolutely,48
joseph,2
kenzie,2
bollocks,1
happy,105
headack,1
paypal,2
melanie,1
understandable,1
congratulations,11
medway,1
inside,1
nudes/free,2
jan.,1
nicest,1
trevdick,1
arleita,1
liberal,1
minal,1
timezone,1
slanteymath,1
ehhh,1
roll,1
'i,3
jfkffdkdkdjdgcl0..,1
monsterama,1
puse,1
time,21
annnnnd,1
:3,1
ver,1
downloading,1
lrt,1
siannn,1
geeze,2
leave,7
settle,1
subway,2
uh,16
spiritual,1
xenophobe,1
sigh,4
prediction,2
sign,2
noonish,1
current,2
twurkin,1
boost,4
ordr,1
oldies,1
address,2
alone,1
benson,1
brilliant,7
wherever,1
shelia,9
tbdl,1
love,153
carrigan,1
bloody,4
working,6
positive,1
angry,1
shantest,1
wondering,5
loving,9
``,211
wrocilam,1
kjskulinarykritique,1
visual,1
involve,1
forwads,2
originally,1
following,1
glyon,1
elmundo.es,1
muah,1
awesome,256
kenia,1
alzheimers,1
thanking,1
laundry,5
spot,3
date,1
such,11
suck,2
revealed,8
stress,2
surfing,1
natural,1
pmaliner,1
sw,2
si,2
mango,2
so,514
sc,1
labour/tory/lib,1
unsolicited,1
ttw,3
u108,2
u109,3
u102,3
u100,1
u101,6
u107,2
u104,5
u105,9
cmjms,1
tori,1
662-570-4858,1
930,1
tory,55
petition,1
barbieee,1
rettweet,1
feelin,1
sorted,2
ahaha,1
&,23
fabian,1
bowling,1
quarter,1
mwahhs,1
turtle,1
'can,1
imoga,1
receipt,1
troll,1
seriously,14
coba,1
internet,7
dodgers,1
seventh,1
maganda,1
quite,5
besides,1
gta5,1
mimi,1
training,1
dunno,3
mckayla,1
u5,3
massive,3
gern,1
router,1
con-graduation,1
one,56
vote,47
tamara,6
open,5
city,5
looong,1
uks,1
afterschool,1
2,26
depressed,1
future,2
russia,1
sophia,1
brilliant..,1
san,2
sam,4
turned,4
sad,17
woah,3
tastes,2
rained,1
whud,2
dismissive,1
sat,2
'we,4
liebour,1
sanctimonious,1
aside,2
note,3
omfg,3
take,14
noth,1
malissa,1
ariba,1
average,2
phil,4
sale,1
bade,1
walking,2
hustings,2
bright,1
elad,1
slow,2
going,20
3:30am,1
caroline,1
yipeeee,1
goodluck,1
apprently,1
awaiting,1
laguna,1
eyyah,1
awwwww,3
worried,2
800-359-9576,1
roger,1
landlord,1
pausetime,1
where,141
ur,13
daaaaaamn,1
dimbleby,1
yepp,1
barista,3
verification,1
whisling,1
jobs,1
uk,24
wtaggin,2
mans,1
many,15
1:30,1
s,3
boah,1
nooooo,1
homosexuality,1
noooot,1
article,2
boat,1
sprays,1
teddy,4
west,3
aonach,1
mintgasmic,1
wants,5
armless,3
bonjour,1
former,8
dhea,1
polly,2
polls,3
defeatism,1
ive,16
blah,2
.me,1
27118-2,1
yessir,1
reneta,2
homophobic,1
sterling,1
cheers,14
bigbang,1
advertisement,2
jdjdjdjd,1
askip,1
tracking,4
nothin,1
costo,1
grumpy,1
summer,4
213,1
being,9
rest,2
boong/,1
starving,1
crusty,1
around,3
sums,1
neuer,1
huffpost,1
nirame,1
darn,1
vacuum,2
libs,1
sure..,2
dare,5
cemccormick5467,1
inted,1
sshaw47,1
inter,2
11:30-12,1
u168,2
u169,2
kold,1
brits,1
thinks,2
yesss,3
jgh,4
nooo,3
scottie,1
batshirhulse,1
exit,1
hayst,1
23rd,1
biased,1
power,1
tapjoy,4
ingrid,1
imalsobored,1
dobar,1
throwback,2
s2e12,1
ack,1
'nicole,1
niall,2
other,7
opm_cat,1
burning,1
image,2
moped,1
ces_la18,1
het,1
her,1
hes,6
hey,1005
springboard,1
misss,1
complete,1
awwwwww,1
u11,9
with,40
kirkrothes,1
pull,2
rage,1
u15,2
jamaican,1
couldnae,2
politically,1
agree,7
aa,1
ohh,14
ad,2
johnny,2
gratuitous,1
ai,3
ah,67
doug,1
am,41
al,1
watches,1
an,29
ap,1
as,75
ar,2
at,72
aw,34
ay,3
watched,3
cream,1
angelica,2
aromatic,2
yummmm,1
639,1
5=l,1
julianbayless29,1
a5,1
a4,2
terry,1
a9,2
amazeballzzzzzzz,1
natalie,3
having,18
dannyaharrison,1
adam,2
original,2
9/11,1
consider,9
beware,3
ceramic,1
halsey,1
careful,3
ty,60
tv,5
tt,1
tu,3
to,88
th,1
ti,1
shortservicenamehere,1
smile,4
looooooooooool,1
te,1
tb,1
tc,13
ta,3
returned,1
puzzled,1
schade,2
24th,2
marvellous,1
laying,1
contectually,1
large,2
sand,1
t-,1
harry,3
small,6
dodges,1
rethinks,1
maggie,2
odessey,1
past,1
bet365man,1
junjou,1
richard,2
chillin,1
youuu,1
okkkkkk,1
full,5
hasb,1
edsa,1
vlada,1
experience,1
ohhhhh,1
social,1
tutting,1
via,12
followed,62
adidas,1
vip,1
gosh,6
wcct,2
metallica,1
pearl,6
mori,2
fragrance,1
gorgeous,3
dawncampbell_x,1
preloaded,1
more,24
tabasco,1
joeypizzi,1
company,2
tested,1
pin:7df9e60a,1
spoile,1
caci,1
keeping,1
phillip,1
installing,1
morgan,1
learn,1
male,1
pick,6
beautiful,7
allegra,5
suggestions,1
states,1
sense,1
scar,1
huge,4
hugs,5
playpal,1
pinter,1
phabulous,1
awrrabest,2
waves,1
rowdy,1
ito,1
mexican,1
sunggyu,3
dacademycom,1
furthering,1
fraser,1
paper,2
scott,5
smiling,1
heechul,1
its,110
493,1
curiouser,1
allo,1
wru,1
isaac,1
tentatively,1
propose,1
olivia,1
outlawing,1
jimbos,1
everytime,3
always,30
featured,1
found,14
shocking,1
status,4
england,1
really,70
missed,5
ftw,1
darline,2
3hrs,1
imagine,17
owners,1
1-900-anal-sex,1
castle,4
yes..,1
u148,1
u144,1
u145,3
number,4
u141,3
ironing,1
tato,1
heads,1
970,1
swipe,1
978,1
jeb,1
jed,1
jen,1
mmmm,2
ematthews04,1
overcompensating,1
caitlyn,2
nickleback,1
bha,1
hyungwon,1
sell,1
t'anks,1
self,7
johan/manager,1
also,65
ukips,1
play,6
brendon,1
btwindaddy,1
'stuck,1
yawn,3
plan,1
tips,1
exe,1
seize,2
exl,1
sometimes,16
ugh,20
golf,1
naomi,3
yesmedium,1
loved,13
toby,1
sunny,2
damnit,2
frightening,1
arummzz,1
junmyeon,1
stirling,1
can/should,1
purrthos,1
tykkasin,1
insane,1
posisi,1
set,1
jadi,1
bungie,1
sex,3
31*,1
see,41
sea,1
sel,1
aberdeen,1
allie,1
#,29
baritone,1
muted,1
movie,2
currently,3
nope,36
europe,1
tristan,1
last,45
thot,1
barely,1
patti,1
approve,7
blaze,1
b3dk,1
patty,1
bell,1
loan,1
hugsss,1
darlene,1
leon,1
rosa,1
scottish,12
23:00,1
blog,1
worthless,1
nabisco,1
fire,12
firs,1
straight,2
riiiiight,1
dokadnie,1
robin,2
yes..but,1
hoping,4
owen,1
chase,1
funny,20
shorter,1
rules,1
b-butt,1
shobs,1
lie-spreading,1
knitting,1
mike.ryan,1
welcoma.have,1
pruneyard,1
stack,1
recent,1
early,1
makes,10
regretting,1
kelly,2
johan,2
miliband,272
shylahfox,1
tim,3
ce,1
fineandyu,1
okie,2
uuiyor,1
lady,2
dhan,1
aloha,7
location,1
sydney,1
courtney,1
surprised,1
tomas,1
australia,1
shitty,1
suffering,1
cuteness,1
d,3
nivsane,1
spring,2
agayhippiehippy,1
sighs,2
palo,1
curious,2
sprint,1
pale,1
fishercat,1
mumma,1
doin,2
blackberry,1
be,16
bc,6
bi,5
bj,1
bu,1
bp,1
nowhere,1
bs,1
carol,1
by,34
anything,9
welll,1
nosebleed,1
colorado,1
into,3
hiyas,8
servers,1
katie,2
u9,6
u8,2
spam,2
spending,3
u4,1
u7,9
u6,2
u1,3
u0,2
u3,4
u2,3
:,347
b-but,1
poster,1
t-shirt,1
link,8
line,6
josiah,1
thnkng,1
uv,1
up,5
us,10
erica,1
um,7
un,1
civ,1
mature,1
imran,2
nieuws,1
ug,1
genial,1
chag,1
chad,1
likewise,5
chan,1
char,1
chat,1
guillermo,1
facebook,2
theginjaninja_,1
mtaani,1
ewwwwwww,1
bianca,1
ago,1
agh,2
rescued,1
walked,1
crease,1
hella,2
hello,1137
code,2
results,2
bvo,1
turkish,3
young,2
send,14
sent,21
garden,1
nah..,1
llama,1
eva,1
try,20
race,1
labourservatives,1
ulster,1
owwww,1
yelaaaaaaa,1
imply,1
video,75
odd,9
*on,2
victor,2
twine,1
tdm,1
shivers,1
rolcrublue,1
sooooooooo,1
yippeee,1
ahhhhh,2
kafi,1
lee,2
leg,1
lem,2
leo,1
ler,1
les,2
let,74
fifteen,1
liblabcon,1
great,440
biodiversity,1
uneasy,1
eunji,1
wothough,1
survey,1
popcorn,1
opinion,1
stephanie,1
thats,49
istick,1
emon,1
crosby,1
sketchbook,1
francis,1
chocolates,1
next,19
doubt,1
ewortzman,1
oo,2
babe,7
infamy,1
babi,1
cvyas,1
hgey,1
rubbish,3
baby,11
customer,12
balls,1
this,2744
pour,2
emerson,1
thin,1
opps..,1
brittany,2
high,3
bend,1
slip,1
hnnnnnnn,1
comedy,1
intelligent,1
shiiit,1
pigs,1
preferring,1
cabbage,1
trst,1
upstate,2
james_yammouni,2
allow,2
christopher,4
counted,1
thigh,1
lamo,1
warren,1
perfect,68
chaerin,1
jodi,2
sorry..kd1,1
decaf,2
2014,3
2016,1
2010,2
2012,2
nada,1
ziva,2
kiss,1
mysteries,1
sneezed,1
delightful,1
goodtime,1
truth,2
doing,14
gary,1
ricky_febs,1
society,1
patch,1
shannon,3
',5
hilarious,1
buuuuuuuut,1
shut,9
shup,1
yawns,2
hyundai,1
shud,1
surely,8
-17,1
craving,5
scary,1
could,48
david,143
chilly,1
thankssss,1
anita,1
kendall,1
jesus,8
stark,1
owner,4
sharon,1
lampert,1
start,2
ordering,1
system,2
laters,1
gotcha,17
megan,1
unsubscribe,1
ritambhara,1
unexpectedly,1
trike,1
lucinda,1
hahahahahahahaha,1
lsandro,1
gays,1
collecting,1
okkay,1
trusting,1
mornign,1
tonight,32
chelsie,1
defending,1
mattpneilson,1
clearly,3
2weeks,1
soap,1
visa,3
facebook/gourmet,1
mineimn,1
manoj,1
hypocrite,1
face,1
unscramble,3
fact,4
lmaoo,5
shaved,1
bring,12
anygirl,1
economist,1
aaaaahhhhhhhh,1
jay,1
should,33
buttons,1
planted,1
jah,1
sylvia,2
hope,41
meant,1
handle,1
sweetie,2
omaygad,1
abby,2
reis,1
h,4
well..,1
brickyard,1
stuff,1
dallas,1
ohio,1
btu,1
btw,13
bts,1
packed,1
yass,1
-hugs-,1
youll,1
email,12
specious,2
dlifrance,1
invited,2
la,8
eta,1
figures,6
puff,3
u86,2
u84,1
u85,2
u82,1
u80,2
573,1
ca,70
u88,1
hello.was,1
1209,1
ct,1
rochelle,2
drank,1
louisiana,1
>,6
eduardo,2
nickyyyyyyyyyyyyyyyy,1
elmhurst,1
*thank,1
hahaha,23
mauh,1
rx200,1
dad,1
tsloffice,1
ve,1
vg,2
decouverte,1
politics,2
sits,2
juan,5
matthew,3
585,1
android,3
ingat,1
jumma,4
ball,1
dratts,1
lookin,2
emotionally,1
iker,2
bale,1
v.,1
thks,3
infinite,3
hateeeee,1
identity,1
ofc,1
off,16
heyyyyyyyyyyyyyy,1
lest,2
11/18,1
1bradyboy1,1
less,5
clocks,1
paul,3
glue,1
web,2
weh,1
wen,1
wel,1
combine,1
wet,2
ahhah,1
checking,23
chancellor,1
stooped,1
five,8
.every,1
hehehehe,3
nvm,2
password,2
desc,1
6/24/15,1
hhahahahaha,1
become,1
choosing,1
250,1
contested,1
literally,5
woohoo,12
forgiven,1
hello.l,1
blowing,1
kelebe,1
704-453-6248,1
hii..,1
downmarket,1
irit,1
'maria,1
hier,1
hello..,2
pussy,1
catherine,3
three,4
87000,1
hubert,1
joyce,1
ting,1
ohaha,1
marcellcarroll1234,1
yeeeeyyy,1
38.5830778/-121.3986164,1
proverbs,2
official,3
placed,4
tessnzach//,1
y/w,1
problem,7
thelastleg,1
rutger,1
riverwalk,1
ing,1
details,1
iove,1
repeat,1
monday,9
footprints,1
waaa,1
chance,1
25.00,1
deeful1964,1
searched,2
unflavored,1
yikes,1
trickle-down,2
creta,1
airbnb,1
votes,1
voter,1
u819,1
harryxhood,1
edward,2
voted,2
waduh..pantes,1
worth,1
yeeeey,1
jacob,8
theysay,2
red,11
zenthreads,1
brill,1
helpinggroupdms,1
relojes,1
7th,1
chem,1
chek,1
machines,1
aqui,1
reuleaux,1
above,1
frank,1
carpet,1
officially,1
told,3
wwbt,1
kudos,2
derrick.wiley,1
aku,1
smoke,1
browsing,3
spooky,1
highly,1
bro,3
bri,1
total,7
brb,11
bra,1
sarah,1
disculpa,1
saran,1
coins,1
tryin,1
haha,66
reign,1
snpukip,1
blocking,1
1992,1
word,1
err,1
work,5
cant,15
erm,5
gloria,1
il,1
u69,10
goood,2
u60,3
u63,1
india,1
u65,1
u66,5
yougov/sun,7
aaah,1
dstein828,1
sone,1
provide,2
okay..great..he,1
zzzz,1
id,12
very,82
interview,2
fever,2
bday,1
after,38
lab,17
yougov,6
lay,1
lap,1
appreciate,13
9379552,1
greek,1
green,3
order,103
office,2
12.5,1
andrea,2
somewhere,1
hodan,1
heeeyyy,1
then,36
coffee,38
araceli,1
safe,3
break,1
band,1
bang,1
giraffe,1
shameful,1
they,143
payback,1
whooo,1
bank,1
heyyyy,1
crock,1
l,2
feeds,1
carlos,7
millibands,1
innocent,1
jimmyreidindy,1
alansmithpart2,1
rted,1
daniel,3
judith,1
you.are.amazing,1
standard,2
campaigns,1
renee,1
kik,7
dammit,1
yeeeeah,1
+1,2
bulet,1
dritter,1
another,28
leggete,1
bom-dia,1
rates,1
upshot,1
john,15
rejected,2
scorpions,1
hazelnut,1
wasted,1
scenes,1
merci,3
minus,2
liceooooo,1
anahi,2
cxxxxxxxxcxxxxxxccccxxxvm,1
lulu,2
808,1
aspetti,1
bruce,1
sue,1
shorty,2
germany,1
phase,1
webcam,1
follback,7
leaflet,1
aunt,1
voting,7
djdistrakt,1
reserve,1
renting,1
ftpa,1
paxman,2
lewis,1
denovo,1
enjoyed,3
chweina,1
do,559
dm,1
dj,2
di,1
uncountable,1
dd,2
de,2
dc,3
da,2
watson,1
1590b,1
dt,2
beleive,1
dr,3
chanel,3
runs,1
peopleof,1
emu,1
410,1
ems,1
w/b,1
subwoofers,1
depends,10
horrendous,1
mitch,1
away,1
pfff,1
unable,2
props,2
pfft,2
whaaa,1
we,707
wb,90
scuse,1
wo,9
wl,1
wj,1
ws,2
florence,1
kitchen,1
received,13
essentially,1
ill,7
com,1
con,2
prefers,2
tough,2
tony,2
refill,1
speak,1
petty,2
stewarthosiesnp,1
clamjamfried,1
families,1
ooooo,1
concerning,1
pleasse,1
remy,1
east,1
hoppy1848,1
air,3
aim,1
abrupt,1
davenport,2
specalily,1
sticker,1
standby,1
maidstone,2
congrtaualtions,1
confirmed,5
teinqiu,1
philtered,9
14884,1
ipv3-li,1
lyka,2
clwyddruid,1
acquitting,1
nia,1
hang,3
rain,7
thirdwheeling,1
redneck,1
niv,49
eeewww,1
musicas,1
zweiter,1
kept,1
scenario,1
thx,38
min,2
ths,1
kyle,5
thq,1
contact,2
the,1061
photo,4
hahahha,1
thanks,996
rx200s,1
adding,2
josh,3
shout,2
spread,1
evidenced,2
followback,3
capt,1
caps,1
nevermind,11
clegg,76
ifeelyou,1
theyre,2
u42,6
u40,1
u41,8
aameen..,1
night,10
security,2
u49,2
dimitri,1
oooooooooohh,1
sends,1
born,1
0-100,1
phenomenal,4
/,3
ykr,1
asking,1
jazakum,1
3810,1
pls,9
marketing,1
plz,4
jiaming,1
phew,2
mega-rich,3
post,5
herpes,1
obt,1
92627,1
tonights,1
delighted,3
stumble,1
allways,1
strangely,2
wan,11
ahahah,3
wag,1
sovereign,1
uyes,1
waz,1
way,3
wat,4
was,86
m.bolanos,1
maxim,1
hmmmmmmm,1
astonished,1
true,15
responding,3
isis,1
whys,1
crystal,6
corbyn,1
archive,1
dying,1
petunias,1
interested,11
kelly.finnegan01,1
test,341
nnnnnnot,1
welcome,50
polite,1
hiii,4
loyal,1
basically,5
battle,1
assaye,1
certainly,4
yvw,1
dissatisfied,1
humm,2
brown,1
charles,4
publilius,1
blimey,1
vegan,1
anonymous,1
trouble,1
margarita,1
gua,1
gud,3
turns,4
auld,1
gus,2
soooo,5
guy,1
elizabethfairgr,1
htc,1
regret,1
bravo,2
agaibn,1
tzelumxoxo,1
gawd,1
muslim,3
1oz,1
downloaded,1
gotdamn,1
appears,1
change,3
sending,4
ekk,1
mymail,1
trial,2
rifemaffei,1
usually,9
scoups,1
regardless,1
strugeon,1
fbc,1
prilbot,1
nauseating,1
market,1
angelo,1
unimpressed,1
angela,1
live,6
shaken,1
jouch,1
towers,1
car,19
cap,1
cat,1
chalut,1
can,407
fulton,1
grassy,1
paused,1
heard,9
mmmmmm,2
spa,1
cardio,1
fortunately,1
write,1
hmph,1
product,1
disgusted,1
aos,1
remember,19
whenever,8
mohsen,1
hahaaaa,1
kurt,1
typical,4
tagged,1
indeed,12
ended,1
cold,2
still,64
no1,1
3799,1
window,1
andysimps1,1
norway,1
2159,2
tja,1
nom,1
non,1
noo,6
buenos,3
noe,1
nog,1
no~,1
half,3
not,238
nou,1
nov,1
now,55
hall,1
halo,3
nos,1
wont,2
james,6
drop,3
chuckles,1
outrageously,1
em,4
el,8
en,3
ei,1
eh,7
ek,1
ed,330
yeah,190
ey,4
ex,1
eu,3
et,1
ew,1
yeay,2
es,1
tried,15
aftie,1
irony,1
looking,71
testtt,1
shows,4
rebuilding,1
philharmonic,1
cart,1
argh,2
rly,1
eugh,1
card,2
care,1
tries,2
british,2
honest,1
u24,8
u25,8
u26,3
u27,4
u20,10
u21,7
u22,4
u23,2
u28,6
u29,3
initial,1
ahhahahaha,1
left-wingers,2
'ed,1
milibands,2
impossible,2
message,4
drove,1
tomorrow,19
size,2
3points,1
sheet,1
caught,2
brummies,1
carson,2
yeppers,2
friend,10
that,446
pech,1
than,2
television,1
fruity,1
thanthank,1
craig,3
correction,4
402-393-2100,2
danial,1
slam,1
breakfast,3
slab,2
26/26,1
terrific,3
mr.,5
online,8
morrrrning,1
price,5
koffie,2
america,1
],1
'tory,1
michelle,6
forever,1
steady,1
m.matharu88,1
typically,5
quuuuuuee,1
terible,1
6/25,1
30-45,1
laomma,1
maine,1
adolf,1
perdect,1
only,70
pumpkin,1
brienne,1
sooo,5
icm/guardian,1
celebrate,1
amanda,1
husband,1
osbourne,1
physically,1
yhoooooo,1
mmanuts,1
justifies,1
ambs,1
3,14
nextweek,1
between,3
notice,5
huggs,1
yumm,1
loftey,1
blame,1
9000,1
moans,1
javier,1
talented,1
mono,1
britni,1
thtas,1
slogged,1
jeans,2
dispatch,1
learning,2
dyslexic,1
1030,1
yeheyy,1
eitther,1
proven,1
ruby,1
alice.keith,1
4-5,1
developing,1
these,16
winks,3
oppsss,1
kumpul,1
bitin,1
bias,3
accounting,1
somebody,4
media,1
gentlemen,1
food,16
streams,1
alrighty,3
two,17
bryce,1
severe,1
puree,1
neon,2
restrooms,2
gooood,1
greetings,12
co,3
speed,1
upton,1
thinking,3
real,10
psh,1
spectacular,2
read,9
amy,3
am-news,1
listening,5
propper,1
using,1
rebecca,1
physiotherapy,1
t,4
whatcha,1
exposed,1
ewww,1
eddie,1
kneess,1
ahhhhhh,1
payed,2
regina,1
sr.,1
mrrwilliamw,1
garret,1
willie,1
760-969-8673,1
'project,1
wheat,1
business,12
asap,1
pure_weegie,1
credits,1
raul,2
exciting,1
throw,1
brighton,1
usane,2
niceeeee,1
chop,1
itty,1
sry,2
14226,1
snapchat,13
ambrosia,3
8.70p/h,1
ltsw,1
your,245
log,1
removing,1
lol,322
los,2
low,3
lot,1
somerset,2
sgjv,1
3/3,2
farage,246
trying,32
wazz,1
miguel,2
mmmmmhhhhh,1
601,1
1200,1
yok,1
'vote,4
yow,3
you,857
poor,21
poot,1
awhhh,1
monday-friday,1
3-5,1
overseas,1
bolton,1
noooooooooo,1
tomorrows,1
unblock,1
onkey,1
cameron,71
antoinette,1
dreadful,1
referring,1
hibbs,1
voicing,1
jensea,1
sasha,1
mps,3
austerity,1
heaven,1
--,4
louis,1
magdalena,1
cookies,3
homey,1
wisconsin,1
13425,1
chuckle,1
witnessed,1
deliciousness,1
emotions,1
sadkaay,1
learned,2
wowsa,1
answers,3
i.m,1
depend,1
strong,5
labs,1
re-signed,1
cathy,1
audraesar,1
toya,1
family,23
nooooooooo,1
fatuous,1
thatcher,1
put,10
jrz,1
takes,3
nabil,1
taken,3
pixar,1
yahuda,1
excuse,1
aaahhh,1
hurry,3
grill,1
nebraska,1
'secret,2
alyssa,3
history,2
'strong,1
hello..how,2
nippy,1
firmly,1
stayed,2
idaho,1
cohenkobi7,1
ft,6
fu,2
rude,3
sneak,2
fa,1
jschlegel,1
shadowplaylouis,1
fk,1
fuuuuuuuuuck,1
a,218
bugs,1
anytime,25
one-word,1
keir,1
breads,1
dream,1
chicks,1
help,12
615-521-3462,1
cold+cough=,1
heeeey,1
ffs,5
soon,3
hell,11
markia,1
but,146
labours,6
actually,31
friendliest,1
cutie,1
goodmorning,3
evening,6
curtis,1
yo,26
overperhatian,1
ya,23
ye,3
yg,1
foot,1
towering,1
yw,5
bryan,2
ifs,4
bless,2
stopped,4
ooops,2
grettings,1
neil,1
pamper,1
nein,2
wacky,1
beyond,1
todo,1
robert,8
since,6
douglas,4
7,21
team,1
dune,1
darius,1
reason,1
base,1
coffe,2
ask,29
asl,3
launch,1
terrible,3
oppa,1
godoitos,1
recebido,1
jeralyn,1
miss,24
ztlevine2733,1
deanna,1
wonderful,34
merciless,5
tfw,1
stg,1
kindly,2
maricela,1
stu,2
greg,2
headache,2
suttonnick,1
mrrooterpam,1
awrighty,1
yeee,1
eliselda,1
yeey,1
kari,1
phillz,1
lib,11
lil,3
trance,1
scotland,9
labour,96
+16506207499,2
useless,1
liz,2
quote,2
freddie,1
joshuanconde,1
kat,1
wats,3
eeekk,1
jayna,1
minho,1
mobile,2
clear,2
clean,1
aaaaand,1
davidparker955,1
stalker,1
leandro,1
libdem,2
pamer,1
pretty,15
darwin,2
christal,2
weltum,1
feels,4
westborough,1
during,3
footballers,1
chimney,2
alexander,3
catches,1
frickin,1
unnieeee,1
diggin,1
delux,1
close,5
angie,1
bachpan,1
wot,1
wow,119
woo,1
probably,14
thaaanks,1
missing,7
chrisutter,1
ooppsss,1
both,16
whewwwwww,1
jeff,1
whatever,9
likes,2
wft..,1
outstanding,1
describes,1
damn,24
maintenance,1
ok.i,1
walter,1
kangin,1
lived,2
packs,1
anthony,2
lives,1
coalitions,1
caiuse,1
randomly,1
lool,1
look,29
while,9
match,4
arely,3
tlak,1
heyyyyyyy,1
ok..,2
voters,4
mmmmmmmmmmmmmm,1
skype,2
ready,5
hellos,2
hyperbole,1
communal,1
anymore,1
grant,1
estee,1
grand,1
gibtsdes,1
shan,1
cumming,1
compostable,1
hello-,1
blair,3
trekell,1
bob,1
arturo,1
older,2
poland,1
grrrrrrrr,1
obviously,4
owww,2
t'would,1
yeahs,1
belgium,1
praying,3
tick,2
$,38
guaranteed,1
henny,1
...,36
march,2
u520,2
game,4
wings,1
bigden14,1
toyota,2
donny,1
donna,2
eek,1
donno,1
fnaf,2
lepas,1
somi,1
some,43
urgent,2
economic,1
mmmmm,4
soms,1
gracie,1
debra,1
sweating,7
run,1
longmorn,1
goooood,1
step,2
achi,1
2/2,4
2/3,1
smothered,1
acha,1
rut,1
wouldnt,2
awwww,13
idk,12
hummmm,1
block,1
seeing,3
dude,15
70,2
nonsense,1
newsnight,2
rolls,1
smells,1
statistics,1
computer,2
..,9
creamy,1
placing,1
laffs,4
larry,2
alive,1
info,4
.i,1
hamann,1
lilly_g33,1
similar,1
malia,1
necesito,2
ordered,14
adults,2
cotton,1
yaaaaayyyyyy,1
naa,1
nae,1
nak,1
nah,8
titi,3
2139,2
nap,1
kickboxing,1
nadda,1
14006,1
frances,1
william,1
congrads,1
greeeaat,1
nevah,1
obyun,1
e,3
neill,1
mr.gurley,1
dg182593,1
no.they,1
bogging,1
sonoma,1
gs,1
gz,1
kath,1
ge,1
gb,1
izzy,1
go,52
gn,3
gm,3
afton,1
does,99
suite,4
friendly,4
wave,2
appstore,1
telling,1
michael,15
ryan,4
assignments,1
verdict,2
barbara,1
carter,1
ownerlistens,3
download,4
click,10
slight,1
espresso,2
sorka,1
;,29
nicholas,2
upsetting,1
pengen,1
aterry,1
products,2
clark,1
hi..i,2
win,1
cybernats,1
clara,1
wij,2
homebound,1
wip,1
dhallofficial,1
wix,2
crap,2
camera,1
cheeky,1
crab,1
jonathan,4
arennie44,1
popped,1
1/4,2
1/2,8
started,2
confused,1
huxley,1
stafford,1
crosses,1
salam,1
waisting,1
meet,5
phantastic,1
kenny,2
links,1
invisco.com-,1
bloooooooooooood,1
blaine,1
.035,1
lesley,2
561-827-4302,1
fart,1
mariluz,1
prays,1
including,2
brook,1
zehr,1
lesleydawnz,1
missyou,1
auto,2
poooootek,1
hands,4
front,1
u197,2
u196,1
u190,2
mode,4
|,1
multicolored,1
special,3
braxton,1
cause,8
strap,1
completely,4
jill,1
itong,1
iamangelnan,3
florida,1
times,1
keeo,1
keen,1
farzad,1
austin,1
evans,1
bitch,1
precisely,1
hehe,6
aigoo,1
dudeeeeeee,1
nooooow,1
helppp,1
noooooo,1
perfectly,2
final,7
annnd,1
shannell,1
2-3,1
pssst,1
exactly,18
dyfodol,1
cya,4
foke,1
bei,1
ben,3
2015,3
bea,1
bee,1
anaheim,1
bev,1
bet,7
goodie,1
need,59
sings,1
chatting,4
able,1
razoavel,1
truck,1
ppcs,1
jummah,2
aww,38
jorge,1
thts,1
demise,1
awh,5
awe,6
expired,1
pembroke,1
bbc5live,1
8313209928,1
url,1
astonishing,1
urs,1
forklift,1
mocha,4
gap1950,1
kiddin,1
'ukip,1
alyona,1
based,7
4900,2
hector,2
bases,1
ayer,1
fuel,2
bantime,1
dodge,2
'take,1
michigan,1
sipping,1
tbh,7
eerrr,1
126,1
sassy,2
dodgy,1
tbd,1
endless,1
yaaaaaaaay,1
gray,1
evolution,1
ughh,1
tuned,1
bbc/nick,2
she,49
canadain,1
ok.thanks.l,1
sho,3
spotted,1
yeyy,1
humans,2
yosh,1
niners,1
desperate,1
stats,4
luv,2
irene,4
state,1
horrible,5
neither,4
sold,1
ken,1
comparable,1
police,1
hits,1
mindy,1
admin,2
scrollin,1
416-705-0589,1
congrat,1
mindi,1
jim,12
dominique,1
tuesday,3
denise,1
leeroy,1
willy,1
quit,1
yay,42
discrimination,1
sara,4
yas,1
slowly,2
yah,5
username,1
otl,1
vince,1
muslimanarchist,1
kicks,1
sensei,1
nickelback,1
chalk,1
1515,1
/grepe,1
cait.cookdavis,1
demo,2
nilsa,1
strange,3
baord,1
party,8
http,2
1-0,1
nightly,1
sarcastic,1
isco,4
steals,1
scarcely,1
ashley,2
shalom,1
well,267
woohyun,1
philz,53
ashlee,1
cupertino,2
dose,3
mistakes,1
laurel,2
lauren,8
drive,6
logged,1
trudy,5
kick,2
livin,1
livid,1
5am,1
sissi,1
lost,7
alternatively,1
fernando,1
controllers,1
popol,1
lose,2
fuckkk,1
twitter,8
francisco,1
nawwwee,1
home,15
peter,2
rlbaron,1
shiiiit,1
soames,1
sweepstakes,1
?,40
reaching,1
puede,1
dum,3
peddling,1
awwwwwwwwww,1
dsklgjsdk,2
carolyn,1
2923,1
raquel,1
square,2
8/11,1
8/12,1
8/16,1
whom,1
noticed,2
fandabidozi,1
whoo,1
cricket,1
hy,1
north,1
gluten,1
hp,2
hq,1
eay,1
ultima,1
hi,2784
ho,2
hm,1
hb,7
ha,39
eat,4
he,161
pumped,1
thnks,1
penny,2
kisses,1
erik,1
education,1
eric,2
westminster,2
kevin-,1
talkin,1
hahhaa,1
star,1
ecstatic,3
yes-,1
stay,3
methinks,2
friends,1
'libertarian,1
samsung,2
martin,1
8583377884,1
uneducated,1
bcp,1
whoopz,2
todays,1
pardon,2
daaaaaaaayum,1
whoops,3
eveshawn,1
asian,3
6pm,1
captain,1
whose,3
swag,1
buddy,1
aug,1
*future,1
politicising,1
aur,2
sorry,212
'racial,1
updated,1
smack,1
govern,1
vast,2
no..,1
herbert,1
boohoo,1
ups,2
thabks,1
me/,1
likely,1
conclusao,1
even,20
integrity,1
spokesman,2
dr.,1
new,36
evet,1
ever,6
deantd,1
med,1
never,47
titanfall,1
weirdly,1
drew,1
met,4
100,6
sooooooooooo,1
dry,1
credit,1
cindy,1
joshua,2
fantastic,25
lolzz,1
wi-fi,1
telt,1
8hr,1
7263,3
cali,1
call,17
calm,1
typo,1
type,4
tell,20
oscar,1
melba,1
shahid,1
flora,1
room,1
moviee,1
zamn,1
oley,1
waiter,1
righto,1
root,2
give,16
honey,3
richienimmo,2
amazing,56
answer,3
woaah,1
gordon,3
minority,9
beautifully-crafted,1
wheeeeeeeeeeeeeeeen,1
loyalty,1
whyyyy,1
thankyou,13
karachi,1
third,1
looove,1
recieved,1
descends,1
justinbieber,3
goodbye,8
wut,6
gettysburg,1
wub,1
be-shak,1
wud,1
meineke,1
before,4
personal,2
",",10
better,15
1997mercedes,1
carva,1
eyal,1
downs,1
academics,1
therapy,2
finnick,1
whaaaaaaat,1
niches,1
marcello,1
ouucchhh,1
ewwww,1
lucy,2
went,12
bone,1
bond,1
fenks,2
milan,1
used,2
forgot,9
navy,1
sounds,86
surprise,1
foto,1
turning,1
cutest,1
resume,2
throwbacks,1
ramon,2
246,1
zayyyyyn,1
4oz,1
starts,1
xue,1
bechos,1
signature,1
arrived,2
messaged,1
fuckin,1
tilapia,1
hooh,1
feb.,1
awesomesauce,1
girls,4
t'was,1
-to,1
gym,1
trippy,1
tokens,1
gyu,2
street,1
speaking,3
modern,2
mind,6
mine,10
ginger,1
seee,2
seed,1
seen,4
mint,25
tells,1
chrisinglasgow,1
gabriela,2
vyapam,1
seerveameex,3
commissionwest.com,1
regular,1
betway,1
danusia,1
doh,1
don,1
.05/lb,1
m,4
.farage,1
definitely,12
great..,1
yessssssss,1
kristen,3
hunger,1
bakit,1
mtap,1
probs,1
explain,1
sugar,1
carbone,1
monica,1
stop,24
will.call.back,1
watermelon,1
bar,1
caaaannntttt,1
seolhyun,1
bay,1
bad,12
bae,1
baa,1
grilled,1
playstation,1
questions,1
fascinating,2
testing,65
sturgeon,46
decided,2
juliet,1
03,1
said,5
ohwa,1
lazy,1
omg,79
loooooooooool,1
e-160223,1
damned,1
una,1
restarting,1
thomasmessenger,1
presumably,1
yaap,1
bloomin,1
harana..,1
aller,1
referendum,1
oooooo,1
trigger,1
basic,1
entered,1
lovely,18
okayy,1
website,2
yessssss,1
fitnes,1
ge2015,3
sooooo,4
tapping,1
personally,4
fuckity,1
160,1
gracias,1
tank,3
okay-,1
burketeer,1
billysangster,1
say,17
wagoner,1
near,5
suppose,1
nowt,3
is,424
it,741
ii,1
shame,6
ik,2
im,320
splendour,1
in,112
ight,1
'mad,1
ie,1
bet365,1
if,400
saw,23
make,17
hahah,14
ello,1
ella,1
stressed,1
elle,1
delight,1
kim,1
jealous,3
thoughts,3
youre,6
rome,1
pandora,1
yours,1
805,1
left,6
yeh,2
just,340
yea,52
||,2
human,2
yep,39
yes,804
yer,1
yet,9
candidate,2
whatsapp,1
save,2
opt,2
vanessa,6
manila_bro,1
hmmmmmmmm,1
govt,1
halaaaang,1
opi,1
thank-you,1
lefties,1
www.wunderground.com,3
shoneen,1
deal,3
somehow,1
dead,3
invoice,2
dear,47
meaning-,1
arthur,2
e.l.f,1
burp,1
tartan,2
super,13
vlad.kzlv,1
oren,3
ribs,1
'if,5
magazine,3
afternoon,3
ores,1
nerve,1
whats,42
*influx,1
down,1
lies,4
quite.but,1
jenn,1
frightened,1
woo-hoo,2
snorts,1
flying,1
gift,1
pake,1
failure,1
fback,27
paxil,5
delete,1
athabasca,1
classic,3
toss,1
dg2345,1
sticky,1
ship,2
esteban,1
shit,8
'working,1
holla,1
brianna,3
warehouse,1
hangin,1
jordyn,3
thakyou,1
felt,2
diet,1
fell,2
u139,1
u136,2
weekend,1
u132,2
happening,1
potato,1
assume,1
daily,2
teeth,1
seouljins,1
managed,2
laura,1
manager,43
mili,1
heart-breaking,1
yummy,11
burnout,1
disgusting,4
0,13
finally,26
psychtyson,1
hopehousekids,1
euphamisms,1
innit,1
me,80
telegraph,3
battre,1
self-proclaimed,1
join,4
dim,2
did,233
die,1
mb,1
accidentally,3
hooray,1
item,1
diz,1
round,2
worm,1
dieback,1
eating,1
heres,3
suspect,1
ummmm,2
install,2
guardian,6
ridin,1
french,2
ukip,130
wait,17
sausalito,1
yessss,1
exploratorium,1
carmen,2
bow,1
bom,2
suggestion,2
boo,6
conveniently,1
minecraft,1
genuinely,4
kebab,3
zareen,1
verge,1
everybody,1
perf,1
aye,5
visit,16
wayhh,1
ayy,1
ahhh,16
krystal,1
checkout,2
'patriotism,1
ladygaga,1
oof,1
oooooooh,1
u64,2
ooo,5
ooh,6
downtown,1
realty,1
amelia,1
delishhh,1
soup,1
growing,1
making,6
claim,1
crazy,5
hello.my,1
fuck,19
sample,1
4611,1
pink,1
ping,1
sunday,2
pure,2
nyc,1
lisset,2
grom,1
may,28
max,1
snj,1
maa,1
mac,1
mae,1
snp,103
guys,25
man,19
wwoooo,1
maybe,38
q,3
yach..,1
african,1
talk,8
cute,4
nope..just,1
2714,1
lsa,1
wishing,4
jeux,1
faruk,1
cuts,1
pointer,1
whaaat,2
group,2
thank,1347
interesting,14
thanx,5
mail,1
annyeong,1
thanq,2
within,2
emailed,2
sullivanb54,2
views,1
killer,1
sooner,1
lunch,3
srsly,5
touching,1
bullshit,2
peasant,1
rock,3
elephants,1
manifesto,1
aaaaaaaaaaaaa,1
girl,9
requesting,1
canada,1
re-cap,1
jackson,1
3rd,2
2ppl,1
pamela,3
alison,1
correct,11
angusmacneilsnp,5
earlier,1
california,1
yuri,1
miley,1
brooke,1
ord,1
cough,1
tory/ukip,1
yesh,1
plisss,1
yess,3
think,26
waited,3
first,75
cheese,1
sepanx,1
rachel,1
darrenmichaelthewingerter,1
mkaba03,1
long,12
hheeyy,1
little,8
slept,1
*joins,1
anyone,51
alfred,1
rosario,1
"430,000",1
amin,3
hartford,1
11,2
10,70
13,1
12,1
15,11
14,1
17,7
16,2
19,8
nstp,1
orgy,1
were,12
server,3
coconut,1
lick,2
pleaseeeee,2
72.98,1
scotlands,1
onze,1
kevin,5
speakers,1
answering,1
johan/client,1
toiletten,1
shocker,1
performance,2
channel,7
bets,1
normal,3
paid,2
=woke,1
beth,1
woooo,1
especially,9
virgoseas,1
show,4
estoy,1
"500,000,000",1
2525,1
dick,1
dericious,1
behind,1
either,4
black,13
u115,6
u114,3
u110,4
get,39
merkel,1
u119,2
nearly,2
gee,2
yvonne,1
buuuut,1
morning,45
tesora,1
stupid,3
london,2
finishing,1
tesoro,1
4:18am,1
thesis,1
j.,1
sean,4
'nhs,1
jerkettes,1
wonder,6
774-313-0110,1
gags,1
whereabouts,1
enough,3
chews,1
reading,9
across,1
tisha,1
august,1
kool,2
killing,1
jm,1
jo,9
jj,1
jk,2
je,1
tud,1
ja,2
chelsea,1
according,4
dated,1
among,1
12:00,1
estorei,1
conservativecch,1
suger,1
cancel,1
samsonnkeonye,2
considering,8
mare,1
awsome,1
barry,1
oi..,1
mark,4
mars,1
mary,15
shopping,2
offered,1
biblethump,1
wake,4
prof.,1
those,11
^,3
sound,3
ongoing,1
hattie,1
hmmmm,2
bathrooms,1
strait,1
sleeping,2
middle,2
sudden,1
pap,1
different,1
pat,1
pay,2
same,55
dayna,1
struggling,3
pak,1
pam,2
hahahhahah,1
seagulls,1
totally,8
riiiight,1
amazed,1
parody,1
wonho,1
fahad,1
jimin,1
clueless,1
nick,115
yaaay,1
ahhhh,4
4,5
yaaah,1
naw,3
jake,1
mon,1
mom,3
disappointed,3
whaaaaaat,1
christina,1
vending,1
christine,3
cesgaseng,1
facing,1
audience,14
nose,1
anti,1
passionate,1
doli,1
damn..,1
confirm,3
overly,2
naaaaan,1
each,2
notable,1
broken,1
road,2
quietly,1
skilled,1
references,1
fotoset,1
shelly,2
*walks,1
lions,1
hysterical,1
spicy,1
unsettled,1
judging,4
voteswap,1
shrugs,1
belated,3
adriana,1
manuel,2
nguenther57,1
leaked,2
carpe,1
deep,1
general,12
pourquoi,1
'frankly,1
again,14
cabbidges,1
brandi,2
obsessed,1
students,1
wew,1
chris,3
kinross,2
laper,2
nortenos,1
u,83
alright,50
deluxe,1
forget,8
awhh,1
liam,1
emily,1
youngjae,1
weebly,1
alberto,1
enjoying,4
mornin,2
sitting,1
billie,1
got,145
gordonsharp,1
*question,1
hyy,1
jokid,1
49048,1
mwahs,2
burger,2
zero,3
grabe,1
abc,2
stood,1
-cont-,1
18,31
abp,1
sooooooo,1
public,1
ggs,1
christy,1
search,2
fwd,1
carcrash,1
jackie,1
narrow,1
scurri,1
buset,1
pleasantlass,1
eye,1
score,3
texting,7
puke,1
shackled,1
weeeeeeeeeeeeeeee,1
achieving,1
crazyyyy,1
sjsu,1
muh,1
lemons,1
none,14
sucky,1
sucks,5
dev,1
bzoma08,1
del,1
dem,1
abandon,1
def,1
*dies,1
share,3
purchased,1
!,79
needs,2
awkward,1
comfort,1
quesadilla,1
awesome..,2
214-770-5555,1
redwood,1
blood,3
epitomises,1
response,4
1477,1
turnpike,1
pleasure,1
playing,3
^there,1
through,23
ok-,2
ok.,48
24,4
25,3
26,7
27,4
lol.hook,1
21,3
22,5
28,2
29,2
scully,1
famished,1
late,3
etienne,1
good,351
yarrrr,1
jeepers,1
uhm,1
uhh,1
brbbb,1
jeeze,1
jeezo,1
okk,1
mystery,1
micro,1
token,3
everyone,26
mental,1
house,2
tiffany,8
hard,6
idea,1
b.wassberg,1
insurance,1
sdlp,1
pehly,1
weirddd,1
acting,1
print,1
toscana,1
pathetic,1
casillas,1
mms,1
mmm,4
extraordinary,2
members,2
backed,1
beginning,1
arnoldgonzalez,1
edges,1
5sos,3
dont,26
valentine,2
done,34
wages,1
killin,1
selfieeeee,1
least,2
pains,2
mama,1
believe,2
woops,2
youth,1
supposed,1
bartley,1
ummm,4
shelby,2
blanca,1
beccy,1
k.,2
majority,1
reality,3
byeee,2
www.highcountrywesternwear.com,1
most,34
poooland,1
11:11,2
extremely,2
kk,2
happyyyyyy,1
blunkett,5
joining,1
aaaaaand,1
oooooouch,1
relation,1
screenshots,1
find,5
choco,1
8,11
salut,2
common,1
1ryan.hutton,1
ksoo,2
lion,1
lisbon,1
retweet,9
visiting,2
please,336
goodafternoon,2
ikr,2
wanelo,2
newzoids-,2
alterz,1
marilyn,1
pissed,1
restaurant,2
davyhulme,1
upgraded,1
point,1
simple,5
tennessee,1
simply,3
create,1
secret,3
meeting,1
gay,2
gas,1
u154,1
u156,9
understand,2
faggot*,1
insha'allah..,1
ha-ha,1
bill,2
levoly_yulisa,1
heya,15
heyy,12
fun,2
74th,1
heys,1
weeeeeeeeeeeeeeeeee,1
shirtez94,1
h3y,1
salina,1
ruth,1
eww,1
keys,1
yesterday,6
hows,7
howz,2
spent,3
flags,1
y,7
mallyn,1
psst,1
preference,1
brynteilo,1
ceo,1
ludicrous,1
harumph,1
1610,1
congraaats,1
letting,1
superficial,1
cut,2
angiepedley,1
cup,1
melinda,3
cuz,3
snap,4
cum,1
thows,1
excited,4
silken,1
xbsbabnb,1
big,20
biz,1
jonesboro,1
bit,3
blech,1
knock,5
ambrose,1
semi,1
surging,1
shanzay,1
alrd,1
cgratner,1
google,21
gardening,1
often,1
850-9009733,1
back,7
grattis,1
pricing,1
mirror,5
30c,1
brent,1
scale,1
lart,1
pet,2
yoohoo,1
sneakers,1
epic,2
laughing,1
wayward,1
guardian/icm,12
uff,2
u988,1
u989,1
8pm,2
delish,2
drama,1
slams,1
hahahaa,1
canvassing,2
hahahah,1
busy/early,1
cbs2,1
jimmy,4
tiff,1
nsc,1
steven,3
1.50,1
woza,1
forward,1
bored,7
invite,1
murphy,3
immigration,3
boys,1
brownstein,1
groovy,1
rejection,1
geesh,1
single,4
janetkirkpatri7,1
wagga,1
brettramer,1
stws11908,1
%,1
kirk,1
nakakapikon,1
appalling,1
2001,1
2006,1
2007,1
2004,2
sallie,1
jason,3
cynthia,1
wbz,1
..to,1
deepthroat,1
helps,1
ohmyg,1
shock,3
havent,2
4055858253,3
wahoo,1
chicago,1
giving,1
payday,1
susanne,1
susanna,1
body,2
449,1
jahat,3
packing,1
luis,1
talent,1
31,2
30,4
37,1
35,1
34,1
ellysa,3
goosnight,1
baskets,1
manny,1
nataliemcgarry,2
mhnhnnfbv,1
callifornia,1
nobel,1
supposedly,1
4am,1
harvest,1
onting,1
account,4
f,3
gabriel,1
eb14310,1
unreal,1
awwhh,1
closing,1
didnt,5
mcountdown,1
muahz,1
yawnssss,1
10.00,1
awesomes,1
redscarebot,1
democracy,1
afk,1
joerine,1
stock,1
endorsements,1
summers,1
incompetence,1
bluff,2
trenia,1
okay..whom,1
9am,1
rpauldesign,1
six,2
happiest,1
galaxy,2
le,1
located,1
<,64
aaaaaaaaaaaaaaaaa,1
greater,1
dam,1
dan,5
dah,1
dat,4
cutting,3
day,2
ryaon,1
freshness,1
nobodies,1
disregard,2
warner,1
*sigh*,1
waking,5
tyas,1
matt,2
req,1
citywidemassage.com,1
stub,1
ref,1
math,1
u91,3
u92,1
u95,1
jessica,3
u99,6
u98,3
thnkyouuuuuuuuu,1
que,2
*sighs,1
looooooooooooool,1
ruins,1
geessh,1
retail,1
south,3
philadelphia,1
whoop,2
sadly,8
monkey,3
shanny,2
therealgolden47,1
mondays,1
chrisduarte12,1
nobody,14
lamont,1
mvapes1,1
coughed,1
ipad,1
yeni,2
babyy,1
wasup,1
visited,3
piff,3
sexting,1
school-girl,2
unlikely,1
have,148
apparently,10
mil,1
istg,1
mia,1
yayy,2
unless,8
vikas,1
eight,1
017255-a,1
lolololll,2
payment,1
seguro,1
request,2
oooooooooooo,1
normally,1
text,21
supported,1
staff,1
-people,1
lobi,1
exceptional,2
beat,2
calling,5
joanna,1
untrue,1
national,1
xxxxx,1
e1260415,1
attempting,1
heeeeyyy,1
ralph,1
routine,1
whaaaaaaaaaat,1
janet,1
batman,1
plugin,1
joke,1
taking,2
passing,1
comment,1
coexistence,1
denis,1
ae,1
yoooooo,1
swimmer,1
darren,1
tyler,1
straight-talking,1
define,3
finished,3
kyrie,2
bull,1
eulalia,1
pshe,1
plaid,5
nd,1
189.95,2
homed,2
asheplumbingrepairs,1
kools,1
jeanette,1
almost,14
lol.this,1
arabic,1
defiant,1
hi..,4
yada,1
samantha,2
reporting,1
ios,1
bullying,1
sunburn,1
antonio,1
thought,19
oops,21
hello.you,1
gooodnight,1
hi.i,2
latest,11
test3,1
dakota,1
add,20
aarww,1
ohhh,14
283,1
smart,3
adi,12
thankies,1
testy,2
fyi,13
sowwy,4
like,60
success,1
haahhaha,1
works,4
soft,2
audible,1
h_eartshapedbox,1
hail,1
recommendation,1
proper,2
haix,1
esp,1
sbaxter78,1
grrr,1
pppppppppppew,1
dci,1
nathann,1
stellar,1
kristin,1
although,4
about,20
bills,1
actual,3
justin,4
matchy,1
chronic,1
doesnt,1
female,3
1982,1
stainless,1
160392,1
biggest,2
buy,1
bobble,1
u73,1
u72,1
brand,2
u70,6
2818,1
u75,1
buh,2
ufffff,1
naeun,1
lynn,1
wise,1
glory,1
8/1,1
wish,25
j,2
hand,2
replying,5
deaths,1
pie,1
ninasty,1
hi-my,1
commentators,1
wahahaah,1
46,3
dressed,1
44,2
40,1
surreal,1
bosen,1
good-day,1
looooool,1
awwwwwww,1
hats,1
omgitzarnel,1
sleep,2
2024039,1
hate,12
poorly,1
frudging,1
hheeyyy,1
under,4
@,7
50ml,1
rise,1
khadjayha,1
every,31
jack,4
bomb.com,1
whhhooooo,1
school,6
bestfriend,1
okies,2
enjoy,14
leaders,7
almond,1
louder,1
aelod,1
blue,10
christ,2
minty,1
pats,1
changed,3
imma,2
julio,1
powys,1
hablan,1
straw,1
julie,8
implode,1
feelings,1
patience,1
would,109
noting,1
hayder.asad0913,1
zaldy,1
phone,6
carmenmst,1
excellent,59
must,5
shoot,3
ma,4
joim,1
mm,5
mo,1
mi,2
mk,1
mt,1
ms,2
mr,17
bbc1,1
my,596
keep,12
coburns,1
end,1
premiun,1
charging,1
pokes,1
elizabeth,5
rm35,1
montague,1
mmmmmmmmmm,1
parallel,1
danny,5
upside,1
ultimate,1
enter,3
vapor,2
over,11
fall,2
'discussing,1
eish,1
vito,1
oven,1
ima,6
neeeeeeeeeeeeeeeeein,1
2:00,1
stingrays,1
howdy,25
expectations,1
imo,2
ims,1
404,1
401,1
imy,1
rental,2
testwarm,1
alex,6
chuck,4
detroit,1
fitness,1
alec,1
diana,4
affogato,1
diane,1
celebrating,1
sharknado,1
saturday,5
gol,1
gon,5
god,10
sane,10
mayday,1
nite,12
aja,1
newly,1
bbcelection,1
associate,1
hooray-,1
free,13
wanted,7
maribel,1
pmsl,1
days,1
heck,2
hopeless,1
nhe,1
already,13
sakin,1
-not,1
hearing,4
toy,1
koel,1
top,4
confirming,1
too,36
tom,5
kewl,3
mistie,1
took,11
unsanitary,1
frankly,1
18840,1
aztec,1
verti,1
rosalva,1
stacey,1
rad,1
talking,3
mwahahaa,1
ohhhh,3
ray,1
-,31
snow,2
thorough,1
brandon,1
derek,3
u58,4
though,3
phantasy,1
u54,2
u57,4
u56,4
u51,1
u50,4
u53,7
u52,5
defence,2
sethi,1
hitching,1
plenty,1
coin,3
*highfive*,1
devastating,1
lyle,1
yang,1
gratefulness,1
queen,1
pops,1
radio,2
earth,1
vinny,1
malese,1
oct,1
borrowed,1
geez,1
geer,1
uhhh,1
watch,36
6/6,1
despite,9
report,1
angers,1
twice,1
automatic,7
nux,1
nut,1
nul,1
nuf,1
tommy,1
mrwicks94,1
u175,1
mug,1
finger,2
hopefully,9
mum,6
363,1
discovery,1
jose,4
weak,2
however,3
camillus,1
nightmares,1
wear,2
newp,1
improve,3
goddess,1
jelly,1
gamer,2
hypocrites,1
lolliver,1
wbtv,1
karen,3
trust,6
truss,2
hitler,3
bingo,1
bathroom,1
been,16
heyyyyyyyy,1
chuckfisherhonda,1
'snp,1
anchors,1
haiss..,1
catch,1
n,6
dept,2
teachers,1
bahahahha,1
anatole,1
maya,1
brenna,1
thaanks,1
millie,1
several,2
screw,2
theodore,1
pegell,1
fridays,1
dylan,3
charlie,2
ocean,1
.wow,1
dads,2
zipline,1
post-event,2
campbell,1
kanin,1
eli,11
elo,1
elf,1
5s,1
5h,1
tring,1
5g,1
gave,2
breaks,1
reyna,1
perfecto,1
judge,1
roach,1
burnt,1
apart,1
ditto,3
24386,2
contradict,1
gifted,1
orlando,1
50,5
any1,1
officer,2
hung,1
aishhh,1
fuuuuuck,1
jennifer,5
hs2,1
donald,1
election,19
indirect,1
guess,15
cooper,1
icm,3
ice,2
everything,26
cnn,1
3:33,1
u47,5
amazingness,1
.what,1
cort,1
786-246-1691,1
u48,1
meyer,1
u820,1
dinner,3
plus,7
badgers,3
facetime,1
aha,4
ahh,21
ppl,4
entrepreneur,1
git,1
nawwww,1
stuck,1
nshanp,1
lol..just,1
nawwwe,1
harlo,1
head,4
6,4
suuuuurely,1
hear,1
*later,1
entrepreneur.com,1
nodded,1
tuviste,1
viva,1
ruined,1
katycat_sian,1
attn,1
2438,1
sometime,1
annoying,2
check,26
nj,1
nk,1
robertsanchez2001,1
nm,4
no,820
na,1
whereas,1
when,275
ne,3
tis,1
til,1
londons6,1
whew,1
np,6
nu,1
picture,2
1cos,1
greymind43,1
younger,1
hello-do,1
wuzup,1
ron,1
ouch,6
roy,2
comments,1
.04,1
lla,1
filming,1
beste,2
charge,1
sing,2
trident,2
anyway,9
tanks,1
wordpress,1
emphasized,1
ukip/sd,1
cool,90
level,1
peeps,1
quick,9
yall,3
says,17
55.3,1
oooooooooooglyyyyyyyy,1
cyber,1
colin,1
trent,1
yippee,1
drinks,2
hymn,1
stressful,1
stands,1
debate,2
u37,11
u36,1
u35,9
u34,10
gegu,1
u32,4
u31,5
u30,12
reply,12
u39,6
u38,1
402-980-4975,1
water,5
marlaya,1
[,12
sweeeeet,1
+*+*+*+*,1
proud,5
jds,1
(,73
weird,5
rafael,2
doris,1
ethiopian,1
candice,1
"lantz,10031",1
1st,6
russell,10
wrecking,1
redownload,1
andy,3
iphone,2
memory,1
msg,2
pret,1
australian,1
nominiere,1
today,34
cashier,3
employee,10
beers,1
luvs,2
tribunal,1
laughter,1
daming,1
alotta,1
figure,1
.hello,1
1,25
speaks,3
hihi,1
loobyloo1566,1
unbelievable,2
euuuwwww,1
levi,1
4th,2
tories,57
snowensville,1
anyyyyyyyyyyyyyyyyy,1
refund,6
exclusive,4
soniii,1
moneyband,1
mainly,1
blocked,1
gtg,2
melinda-,1
offers,1
drippler,4
happened,8
sabah,1
ahm,1
name,17
nams,1
realise,1
heyyyyyyyyyy,1
muchas,2
yasssssss,1
prelims,1
catching,1
photoset,3
*coupon,1
gfriend,1
whatthefuck,1
oklahoma,1
kent,1
clover,7
attended,1
hulk,1
capcom,1
shiiiitt,1
heheh,1
'who,1
yup,29
gusto,1
turn,1
place,2
'why,2
bauuuuuuuukkk,1
1000,2
hahahaaah,1
ben_tipping,1
acct,2
4345,1
george,8
wecleancarpet,1
iam,1
given,10
ian,2
yepper,1
returns,1
suuuuuuuper,1
renter,1
legally,1
white,8
season,1
ahmazing,1
huh,14
alan,1
alas,1
santobes,1
otwol,1
shirley,1
copy,2
gim,2
nathan,10
unfortunately,24
yayyyy,4
yasss,2
r,11
cards,1
outcome,1
and,269
ane,1
ang,3
chloe,1
michele,2
rent,1
ans,1
j/k,1
any,181
ooeer,1
takfaham,1
sure,167
urgh,1
connor,1
cleared,1
later,9
hungry,4
medhy,1
*hug*,1
senior,1
penge,1
foreals,1
shit..,1
recipe,1
percy,1
tks,6
trop,1
pffff,1
woot,5
interessant,1
wood,1
madeline,1
nadia,2
prueba,1
hoya,1
freaking,2
regarding,6
aluminum,1
nakey,1
naked,2
scots,8
clowns,1
griffinsale,1
itz,2
discussing,1
y'all,8
ignored,1
bradey,1
fagggg,1
1924,1
parking,1
apologies,2
braden,1
crooked,2
review,1
amen,4
definite,1
outside,1
nicoleeemcguire,1
hiss,4
yes..cant,1
messed,2
pcy,1
floundering,1
arrhhhh,1
20,6
come,43
byes,1
quiet,2
quien,1
johnnyb06,1
color,1
por,2
hellooooooooo,1
pop,1
65,1
nicola,57
poll,6
nicole,3
50+,1
coupa,6
u19,6
u18,12
deposited,2
..is,1
coups,1
u13,4
u12,4
hardly,4
u17,2
u16,8
andres,2
andrew,2
hahaha..,1
roif,1
mamayang,1
paying,1
koo..i,1
cash,1
cast,1
yisss,1
slippery,2
irrespective,1
someone,38
ironic,2
shu-ta,2
granted,1
10:30,1
yeahhh,3
*farage,1
reminder,4
week,2
persona,1
refusal,2
'do,1
eucalyptus,1
fptp,1
denovos,2
adidas/a.p.c/celine/jimmy,1
magical,1
lucky,9
without,6
bodies,1
icymi,3
tip,1
bbbbbyyyyyyyeeeeeeeee,1
kill,3
norhing,1
jhu03308,1
baldwin,1
halfway,1
blow,1
sampled,1
ny,1
seems,18
except,6
tonya,1
kimberly,2
lets,17
styles,1
-defence,1
traffic,1
zayn,4
accepted,1
deth,1
towel,1
hanaaaa,1
gwss,1
patrick,1
bracelet,1
sanity,29
206-605-5527,1
aprove,1
soshi,1
shaleese,1
table,1
o.,1
mood,1
vzc,1
legal,1
o0,1
freedi,2
poem,2
lmfao,4
update,5
_,1
'the,1
on,110
weeeeeeeee,1
ol,2
ok,1019
oj,1
oi,2
oh,446
jeep,1
of,73
ob,1
stand,2
oy,1
yeezy,1
tariffs,1
or,45
amber,1
ladies,1
i'm.not,1
there,142
11am-10pm,1
omfggggg,1
racist,1
heyyyyy,3
ehm,1
ehh,2
lmaooo,4
jus,2
sposs,1
maaah,1
taimoor,1
249-6319,1
hello.can,1
zeer,1
toilet,1
taylor,1
collection..,1
cinema,1
jagwinder,1
cbs,9
britain,5
cbt,1
controlled,1
stumbled,3
heather,11
3101,1
roses,3
5,11
ign,1
hwy,1
applause,1
calls,1
wife,1
odds,1
wifi,4
gaunty,1
all,111
smoking,1
dippydaisies,1
follow,97
alt,1
babeeeee,1
hmmm,18
alcatraz,1
wassup,2
thursday,4
aaron,4
activities,1
fax,1
woman,1
worse,3
song,1
far,5
fav,3
fat,2
focus,1
worst,12
fab,4
ticket,1
list,1
adoohh,1
lisa,2
guisesound,1
employing,1
tea,2
robyn,1
whens,2
rate,2
nba,1
haaa,2
what,871
sun,4
magnolia,1
suh,1
crush,1
sup,11
sux,1
christian,1
'sunken,1
theresa,1
nnnoooo,1
leeds,2
boynebhoy,1
shoulda,1
heifer,1
switchers,1
eusebio13,1
options,1
thurrock,1
thankfully,1
suddenly,2
thays,1
prrty,1
tutti,1
hurray,1
evelyn,2
possible,1
flat,1
israel,17
knows,1
stick,2
glad,40
kawing,1
steffani,1
debates,1
eden,1
yeaaaah,1
same..i,1
v,5
embarrassing,1
stomachache,1
court,1
desperation,1
rather,6
breaking,14
hannah,1
albushraa,1
oyg,1
anti-snp,1
619,4
okay,266
bumper,1
wsup..to,1
short,7
shady,1
trevor,1
height,1
shore,1
grande,1
exspect,1
tylers,1
mission,1
disabled,2
isnt,1
alrite,1
xxxxxxxxxx,1
leanne,4
style,1
forwards,1
pray,2
ricardo,1
resort,1
scot,1
stephen,1
bout,2
might,10
servus,1
return,4
gotaa,1
marcus,1
refresh,2
4137,1
stiles,1
wp186845,1
gagal,1
needless,1
meagan,1
expect,3
prolly,1
realising,1
wondered,1
lols,1
health,1
lolz,1
benjamin,1
aitor,1
friday,24
forgive,1
e.g,1
wellbutrin,2
-umbrellas,1
brandonviller,1
throws,1
ooer,1
ding,2
feel,10
relate,1
ewwwww,1
linking,1
blank,1
shaylan,1
story,3
kyunke,1
gourmet,1
leading,2
porn,1
moar,1
store,3
gps,2
option,1
i'mi,1
helloooo,4
hotel,1
clicksco,1
luckily,1
versatility,1
kind,6
kina,1
double,5
..glad,2
i,5497
dank,2
dang,13
stale,1
homegirl,1
gals,1
voisiko,1
cleaned,1
fiona,1
welome,1
nighty,1
arjan____,1
yeahh,4
finding,3
niaaaaaaaaaaaaaaaaaaaaaaaaaaa,1
ipsos,1
added,2
tuve,1
reckon,2
measures,1
reach,1
77,5
74,1
72,2
sandra,3
nothing,29
huhu,2
1040,1
windows,1
10am,1
kalyn,1
lying,1
stones,1
sleepovers,1
shadman,1
hi-,7
testicles,1
nerissaknight,1
brydorip66,1
u33,4
mario,2
carmina,1
15993,1
privmsg,2
porque,1
his,8
goes,1
hix,1
hiy,2
alicia,1
multimillionaire,1
bedankt,1
hih,1
hii,8
jeanna,1
emails,1
hio,1
t/y,1
choreographing,1
gingersnap,2
t/c,1
wrote,1
life-long,1
hdjdjdjdjdj,1
ara,1
are,230
nailed,1
tactically,1
solo,1
recently,3
thankyouuu,1
uuu,1
yugimi,1
attention,2
wohoo,1
competent,1
c,5
2:30,1
8am,1
9:00,1
sweet,19
mr.soapy,1
weasel,1
good..,1
tagal,2
duh,1
ps,4
hgirjlekgr,1
pt,2
whou,1
political,2
due,1
whos,7
pc,4
pa,1
ph,1
whoa,4
woke,5
pm,8
flight,1
probabilmente,1
hmmm..,1
georgia,1
doushite,1
frozen,1
ahah,2
but..,1
nate,4
siggis,1
theres,6
ohmygod,1
rip,7
disappointing,2
ari-vafancul,1
noooo,7
delicious,20
9,8
pleeeeeeease,1
moving,1
fdbk,1
wheres,1
depending,1
chickens,1
anybody,6
cheer,3
dark,3
jessicalee_00,1
selamat,1
prince,2
tables,1
illusions,1
adrienne,1
sillars,4
customers,5
*yawns*,1
moody,1
andaming,1
ignore,2
ablas,1
iyalaya,1
rigoberto,1
konga,1
fucking,5
collaborativeconcepts2016,1
crisol,1
understood,6
lorraine,1
anne,2
prob,1
anna,1
flavors,1
mrritz,1
jumps,1
kelsey,2
s/o,1
kebun,1
ans.7,1
natsuki,1
wowwww,2
mommy,1
sports,3
ihhh,1
impressed,3
question,36
fast,1
bruh,2
lexi,1
filet,1
repeatedly,1
fries,1
marginally,1
fried,3
called,1
shes,3
freak,1
kathryn,2
peach,3
niceeee,1
democratically,1
hang-copying,1
urquhart,1
nice,67
dale,1
missin,1
problems,2
bonding,1
al-bushra,1
suffers,1
francescamaniace,1
gr8,1
karma,1
scroll,1
once,17
pervert,1
edd,2
whio-tv,2
edm,5
steve,4
eds,1
simon,2
gelukkig,1
confirmation,1
lloyds,1
gina,1
*sign,1
wishes,2
poll-watchers,1
earrings,1
drinking,3
meeeeeeeeeeeee,1
rosidbinr,1
leader,15
deals,1
congrats,17
noted,5
claudia,4
someday,1
*fellow,1
traveling,1
scusezzy,1
jazel,1
folk,1
fine,6
waiting,17
myron,1
sexy,6
settling,2
leaving,4
7/21,1
sheila,7
volg,1
apple,1
deputy,4
app,24
confession,1
apt,1
kristine,2
duck,1
nakaka,1
use,4
hahahahaha,1
from,69
usa,2
iced,4
walao,1
ustedes,1
bonjours,1
few,1
journalists,1
sory,1
sore,5
heii,1
penis,1
r/t,1
women,3
pixgram,1
disingenuous,1
7pm,2
slaps,1
ashcroft,2
napkins,1
proof,2
tap,3
osub,1
tax,2
hehe..ok,1
something,14
jeebus,1
rape,1
sir,6
united,3
sit,1
danker,1
brian,2
camilla,1
backatchya,1
esnho,1
instead,2
the_madstork,1
unforgivable,1
3708,1
tack,2
taco,1
hahahaha,12
2121,1
light,1
honestly,8
ehem,1
chasmooney1,1
whilst,4
mojito,2
looks,47
elis,1
efrain,1
spotify,2
permanent,1
choose,2
orange,1
bye,33
carole,1
practice,1
impressing,1
krishnan.ramajayam,1
crass,1
kezia,1
darcy,1
tisk,1
billy,1
crikey,1
ouh,1
our,51
80,2
81,1
out,15
sobs,1
okey,3
rhonamanson,1
integrated,1
o.k,3
pours,1
molly,2
i'ts,1
anyhow,1
ltr,1
g,2
horace,2
conversation,3
indira,1
hence,1
manger,4
nufcinnocent,1
awwwwwwwwwww,1
righ,1
unknown,1
myspace,1
priority,1
their,3
sian,2
shell,1
regards,1
july,1
boring,1
36906578,1
joshsoldmyhouse,1
10-4,2
clip,1
hx,1
unfriend,1
snpmilngavie,1
nasty,1
which,92
=,5
wha,3
who,168
dadas,1
why,302
janjua,1
refreshing,2
saddest,2
looked,1
panelbase,2
brenda,1
agreed,7
jazmin,3
approx,2
planning,3
utter,3
pleased,1
post-modern,1
mumbai,1
amaaaazin,1
deactivated,1
ishal,1
local,8
okeyyyyyy,1
fabulous,2
watching,42
h0rny,1
dope,2
awww,33
ones,4
words,1
qq,1
600w,1
jaime,2
11am,1
available,2
spazzing,1
closet,1
superb,1
closed,1
bought,2
opening,1
joy,1
embarrassment,1
job,2
joe,5
helllo,1
stutters,1
jon,1
enviado,1
april,1
atleast,1
benzema,1
canopy,2
rodney,2
13031,1
unconvincing,1
hehehe,2
wala,1
galing,1
walk,2
respect,1
bbl,5
nfinite,1
decent,1
bbc,52
bbb,1
bby,1
hinde,1
naples,1
mike,3
verizon,1
hmu,1
reynoldsgrl,1
hmm,29
saney,1
great-o,1
unlike,4
will,161
capeee,1
wild,1
~,2
lakeside,1
vape,1
bookies,1
thug,1
avg,1
perhaps,10
'tories,1
gets,6
hammering,1
elbows,3
definately,1
beast,1
suzi,1
warming,2
aytona,1
chattanooga,1
chinua,1
whole,3
banging,1
gutted,6
english,7
firstly,2
cherrypickr,1
www.orbitexports.com,1
cries,1
happiness,2
toilets,1
taal,1
plz.confirm,1
sky,1
clyde,1
nicki,1
u219,1
minnetonka,1
hi.it,1
harrington.kyle1,2
press,2
rofl,6
10/10,1
2.25k,1
lgscotland,1
ahem,3
heyyyyyy,2
k-fed,1
wonders,1
because,24
k.im,1
searching,3
jeremy,4
lead,1
leah,1
mines,1
dudaftie,1
murdoch,1
ripped,1
noooooooooooooooooo,1
i'am,1
xdesign,1
rare,1
getting,15
abstinence,1
shipping,4
sweat,1
ndp,1
tgif,2
archdbanterbury,1
weather,3
promise,1
hayeee,1
hiiii,3
van,3
vac,1
*,23
uniting,1
goning,1
shani,1
shane,2
760-290-5877,1
made,3
whether,4
ruling,1
yeap,1
maroon,1
byeeeeeeee,1
whjat,2
incredible,2
romeos,1
book,1
boom,1
sick,7
coffees,2
er,1
817-688-6597,1
june,1
margaret,1
kinda,2
priced,1
lukkkee,1
sorna,1
