raining,1
vapeempire.com.my,1
holyrood,1
four,1
woods,2
woody,1
caner,1
canes,1
10am-5pm,1
dispenser,1
lori,1
lord,1
immature,1
digit,1
402-281-9088,1
541-740-7418,2
hhiiiiii,1
yellow,3
liaisons,1
prize,2
wednesday,5
threesquaresinc.com,1
crossed**,1
bill,10
tired,2
miller,7
snuggles,1
nige,3
second,1
currie,1
burps,1
battleground,1
sooners,1
urlgen,204
saludos,2
cull,1
reporter,1
splinter,1
here,97
anti-tory,1
reported,1
nawt,1
up-,1
china,1
tatum,1
mccallum,1
substance,1
864.238.4916,1
k,26
kidd,1
45mins,1
bitches..,1
ziad,1
cancellation,1
dashner,1
mclaurin,1
foodbanks,1
hahahahah,1
orenshummus.com,1
txt,2
txs,1
619-721-1148,3
c12511972937.1,1
music,5
telegraph,1
strike,1
hoffmann,1
saifi,1
black/red,1
619-366-7295,1
99,1
gijg,1
hold,2
95,1
hola,2
circumstances,2
9167579894,1
culture..,1
blade,1
kmph,1
tc100w,1
tapbooty,1
wang,1
wank,1
smtp,1
want,7
10mg,1
hof,1
re-arranging,1
97024,1
hon,5
hoo,1
anti-climax,1
feature,2
hoi,1
machine,17
how,3
hot,4
lindsey,3
44420,1
place,17
winslow,1
preferable,1
hoy,2
mueller,2
862-268-0931,1
geeshh,1
wrong,8
types,1
gravy,1
.john,1
wins,1
headquarters,1
18th,1
jackso,1
ksksp,1
restriction,1
feedback,49
vary,1
buening,1
affect,1
15287,1
owens,2
7209757939,1
rigjt,1
324-1751,1
conned,1
fit,5
fix,3
hehehee,1
bottin,1
kenwood,1
dorje-chang,1
conner,3
66502,1
wales,1
easier,3
represent-,1
10015332,1
14min,1
similar,1
slate,1
twitt,1
schools,1
silver,3
truffleberrycrates.com,1
xd6001v2,1
aviez,2
horton,1
92082,2
92081,1
708-351-3064,1
milliband,11
payton,1
ejuice,1
cooooooool,1
series,2
sbcglobal.net,1
77021,1
2day,1
san-i-taaaay,1
message,29
ca.rr.com,1
rt,6
batchelor,1
rv,1
13617,1
sms,19
defe1234,1
mason,1
smh,4
rm,1
www.diamondd.us,1
11284,1
navia,1
o'briant,3
noriega,1
166836,1
sldfjlsdf,1
94303,1
estimate,4
stacy,2
metallica,1
..thanks..beth,1
ate,1
lolo.m.debwanya,1
atl,1
702-715-1187,1
mackey,1
shipped,6
matheny,1
clothes,1
nigel,11
20734,1
holbrook,2
wash,76
179,1
growtopia,1
175,1
seizures,1
olds,3
service,46
nickname,1
jernigan,1
needed,4
gilbert,5
hiya,4
listen,1
donutsss,1
rewards,1
-tom,1
expunged,1
catron,2
nirvana,1
predictable,2
conaway,1
/viktor,1
heyyy,2
surez,2
tree,1
10x,1
shower,2
*doggy,1
esta,1
6169932,1
boston,1
estn,1
15870,1
306-370-6532,1
maj.,1
muceus,2
craver,2
antekeier,1
recommended,1
amusing,1
doors,1
season,1
toia,1
susie,2
transactions,2
dailen,1
wells,3
welll,1
hotmail.my,1
gallagher,1
cummings,3
entry,1
drought,1
bradford,1
camp,2
atcreaso,1
tech,1
incompleta,1
tactial,1
came,2
saying,3
bomb,2
pahnke,1
jakubowski,1
teresa,1
sexist,1
too..,2
vetrabrate,1
forsure,1
prinsesa,1
busy,7
1543,1
14470,1
bust,1
shannan,7
clicker,2
rich,3
pickens,1
rice,1
buse,1
addrd,1
klein,2
92602,3
7-10,1
pocket,1
~~,1
unfortunately,4
maikranz,1
ner,1
respond,9
tezttezt,1
disaster,1
fair,5
laterssss,1
unexpectedly,1
goodnight,3
result,15
respons,1
fail,1
best,13
rings,1
score,1
irl,1
melissa,1
yogurt,1
ira,1
sisto,1
nationwide,1
herrera,2
kunal,1
brizuela,2
wtf,3
wth,3
debt,3
98665,1
accident,2
country,16
puter,2
o'rourke,1
trial9729784404,1
wipeout,2
login,1
iamahotnipwithhotnippics,1
asked,1
ariel,2
30th,1
soory,1
matty,1
muncher,1
matte,2
raincheck,1
darlin,2
diff,1
250,1
waaah,1
roofer,1
billing,1
union,1
fri,2
khaled,1
.,8374
advert,1
much,92
stadium,1
dollies,1
brownfield,1
kennamer,1
life,9
premier,1
sydney,1
eastern,1
worker,1
dave,1
kids,3
ca.92025,1
child,2
worked,8
spin,3
cunt,3
chill,1
commerce,1
willis,4
rodriquez,1
8555627,1
castro,5
maney,1
1980,1
+91-8308809875,1
bit.ly/2c1u1h3,1
played,1
30048512,1
75070,1
d704,1
u128,4
u129,3
waddell,1
5054,1
violin,1
u126,2
402-493-8812,4
u120,4
u121,16
u122,3
u123,1
mischarge,1
hong,1
thingy,2
powter,1
things,6
1093,1
craigslist,1
eldridge,1
xxoo,2
24-year-olds,1
elliott,2
european,1
plonker,1
jasso,1
memoria,1
mujeres,1
t104m,1
tune,3
polakach,1
meads,1
graham-howard,1
burgers,1
44222,1
anupama,1
opinions,2
letterman,1
disguise,1
birmingham,7
289349*,1
hah,1
bnp,1
had,8
hay,4
54b016,1
innocent,2
e-162323,1
cool1024,1
has,1
hat,2
rudack,1
burkman,1
hightower,1
obryant,1
posed,2
possible,13
possibly,1
bedtimefatty,1
unique,1
6:00,1
sundries,1
avila,2
lacroix,2
stepp,1
ola,1
pauley,1
right,38
old,8
people,22
crown,1
topping,1
aangevuld,1
662-820-8972,1
sure,32
hotlinesbeauty.com,1
mcleod,1
for,31
fos,1
soto,1
dhlariya,1
92530,1
cire,1
ivan,1
www.flbestpa.com,1
2058553,1
yoko,2
undrilled,1
dollars,18
citizens,1
o,18
23388,1
crutchfield,1
28658,1
nixon,1
tyrell,1
facility,1
marshall,2
son,1
brozan,1
mccann,1
sos,1
sou,1
grlz,1
kleptocrats,1
sox,1
408.705.3551,1
koud,2
336-929-0523,1
halli,1
support,5
6163083509,1
avail,3
waite,1
515-423-9555,1
joseph,2
wordpress,1
every1,1
jane,1
secreaty,1
jana,2
happy,8
typo,1
offer,2
paypal,7
back,86
notifications,4
talents,1
understandable,1
2185,1
robertson,1
highcountrywesternwear.com,1
braces*,1
inside,4
crider,1
/youtu.be/2_gpctsojkw,1
150,3
later,14
disgrace,1
soileau,1
crumble,2
'',184
teodorescu,1
exist,1
floor,2
zang,1
cerritos,1
flood,1
pasadena,1
jenkins,3
smell,2
roll,2
's,25
meghan,1
'~,1
burboa,1
50watt,1
'm,1
replacement,1
keepaustinonline.com,1
nasjonalistene,1
time,74
push,7
3620944,1
gown,1
oglesby,1
-josh,2
selker,1
90,1
dominguez,2
kaffeologie.com,1
:3,1
happpy,1
caldwell,3
happy..,1
lara,1
veg,1
vee,1
limbrick,1
macho,2
chanowner,2
menchaca,2
downloading,1
jerk,2
choice,9
e-160454,1
7186613613,1
minute,3
54.98,1
mahn,1
1707,1
tear,1
teas,1
nagel,1
geeze,1
leave,4
solved,2
team,13
drls,1
meador,1
623-1536,1
date..,1
attic,1
sigh,3
sign,1
realmugs,1
shirts,6
3029,1
evertonr,1
3025,1
burch,2
ltnc,1
kavanaugh,2
beasley,1
boost,2
barton,1
monyuk,1
funeral,1
understanding,3
address,32
alone,3
ratio,1
along,5
hansen,1
brilliant,4
stylish-n-trendy.myshopify.com,4
funded,1
queue,1
webhornet,1
myers,3
love,20
stockton,1
royster,1
.thanks,3
sinjer,1
prefer,3
24.00,1
15323,1
working,51
lipscomb,1
angry,1
+shipping,1
gulags,1
wood,2
wondering,1
++pinkeu,1
``,38
ridgell,2
organized,1
ooooooo,1
refrain,1
fike,1
visual,1
everywhere,3
advise,8
epitaph,2
logos,1
zhao,1
values,2
albright,2
70vg/30pg,1
hatchet,1
16745,1
tock,3
brrrrrrr,1
awesome,29
lebret,1
855-477-8855,1
//t.co/a4dnhbw78q,1
listens,2
3316399,1
amysung.com,1
winter,3
s3,1
s2,1
s6,1
lamar.com,1
s.,4
beans,1
coleman,3
menotti,1
megusto,1
gipson,2
6199970829,1
harmos,1
minhyuks,1
explorer,3
spot,3
5-6ish,1
mikinka,1
date,4
such,1
suck,7
spouted,1
surfing,1
natural,1
whyyyyy,1
sr,3
sp,1
l'oposicio,1
st,2
sj,1
si,1
sh,1
so,17
www.bestforbride.com,1
glynis,1
sc,3
sb,1
sa,2
dreamland,1
sf,5
se,2
karron,1
bush,1
years,12
course,14
u108,2
tacho,1
u102,6
u103,4
u101,1
u107,5
u104,8
u105,12
internationally,1
94110,1
jim,4
94116,2
jih,1
07967660355,1
10747,1
930,1
tory,20
90605,1
5384,1
14845,1
gwpagency.com,1
nation,2
ahahh,1
ahaha,1
336-814-1919,1
hancock,1
shardul,1
13090,1
instability,1
square,1
fosah,1
receipt,7
www.nickthebullseye.com,1
pssssh,1
blu,1
seriously,4
cobb,1
internet,15
interney,1
ugwu,1
sheffield,1
snooker,1
complicated,4
blackmon,1
seventy,1
vn30-1,1
training,1
orejel,1
vn30-4,1
vn30-5,1
vn30-6,1
vn30-7,1
vn30-8,1
vn30-9,1
ostrich,1
u5,7
livingston,3
gordon,1
router,1
debatte,1
emotion,2
hulme,1
ono,1
spoken,1
sock,1
potter,1
mucho,2
spanish,1
vote,34
teatime,5
open,5
onw,1
bitdh,1
city,5
quality,1
2888,1
2,38
peoplerule,1
typing,1
astaxanthin,1
appologise,1
williams,25
on*,1
*hugggggs,2
59+seats,1
hilderbrand,1
carwyn,1
2393034544,1
ridiculous,6
npsir.com,1
auditions,1
bored,6
future,4
rivas,1
sophie,1
russia,2
sai,1
tasted,1
nicer,1
nanez,1
turned,1
locations,5
mcsanesane,1
sad,12
woah,1
say,17
allen,2
turner,5
borough,2
politicos,1
marcopolo40.me/i/bv92pf0nlj,1
note,3
omfg,2
take,2
wanting,1
europeans,1
liftedview.com,2
norma,1
zoily,1
ganbarimasu,1
spewing,1
time..,2
buffet,1
fasada.ca,1
pages,4
underhay,1
barmpot,1
touchy,1
average,1
phil,1
drive,3
joyetech,1
safetytechnology.com,1
sasser,1
laws,1
36988396,1
wynn,2
glaze,1
grilling,1
elam,2
elan,3
tooooooooooo,1
ily.melanie,1
brandye,2
slot,1
slow,3
goins,2
threatts,1
16682,1
ntmn,1
going,7
caroline,1
bittan,2
carolina,3
palos,1
beatles,1
woodbury,1
2705,1
assistant,1
platts,1
outlet,2
9176,1
4.9-5mm,1
maniacal,1
hyysfifu,1
settings,3
16977,1
ahmad,4
worried,1
velvetcaviar.com,1
priest,1
roger,1
landlord,1
worries,7
cuddlicious,1
where,1
16th,3
bluemail,2
insuklting,1
tenco.com.mx,1
anyways,7
reoly,1
suked,1
shimon,1
weatherford,2
24109,1
18990,1
harvey,1
sites,1
poopy,1
8540,1
raarrrrrr,1
teens,1
x20,1
jumper,1
cloherty,1
fir,1
jobs,1
farts,1
screen,7
uncomf,1
spare,1
millemetri,1
doms,1
eeeeeeeeewwwwwwww,1
uou,2
ciggareets,1
many,2
160025,1
stronzo,1
s,8
mang,1
mann,2
allowance,1
boak,1
9516400020756181000155,1
zuzuarregui,1
chad,4
teddy,1
conyers,1
come,5
locally,1
airlines,1
mcmann,1
crawford,1
luff,1
kinks,1
wants,1
letshavecocktailsafternuclai,1
630pm,1
d'oh,1
5166507910,1
-\\,1
photos,1
asnwer,1
boshnack,1
escondido,1
5653,1
dhea,1
lifebelt,1
consultant,2
-78,1
hayes,2
diverse,1
policies,1
newspaper,1
situation,3
constituency,1
blah,2
miiiiiiiiiiiiinnnnnnnnnnneeeeeeeeee,1
cock-up,1
ivy,1
farias,1
04/16,1
verified,1
lambert,3
breakdown,1
askin,1
oceanside,1
karolina,1
rotflmao,1
srec,2
helpppp,2
cheers,5
harris,11
advertisement,2
unnie,1
tracking,3
~janet,1
whiteside,1
nothin,3
sunnyvale,1
hubby,1
777x,1
gdp,1
summer,3
gds,1
212,1
213,1
being,1
rest,3
laugh/lament,1
excuses,1
helllerrrrr,1
site..,1
broadbent,1
mcdonell,1
around,14
9083671846,1
dark,1
6274285,1
traffic,1
vacuum,4
world,5
pon,1
stranger,1
catamarans,1
shutter,1
www.hcbisson.com,1
clay,2
inter,1
clap,1
u165,3
u168,4
u169,2
roofing,1
galindo,1
94131,1
-ryan,1
gilmore,1
dureza,1
playin,1
17414,1
thinks,1
wiggins,2
poll,6
4419,1
memories,1
noon,3
nooo,1
tubb,1
panini,1
exit,1
aminn,1
^-^,1
917,2
911,1
ddd,1
shns,1
power,13
tapjoy,30
hollande,1
leadership,2
flerchinger,1
waddup,1
acc,1
stone,1
package,9
ack,1
industry,2
heyyyy,1
favorite,2
act,1
johnston,1
luck,11
locklear,1
berger,1
23/12/2016,2
image,1
nex21media.com,1
fritters,1
plasencia,1
moped,2
fisher,3
wade,2
ayuda,1
hidalgo,2
heu,1
her,13
hamner,1
toriesindisguise,1
hey,100
325720,1
heh,2
hej,1
ago,14
walcott,1
awwwwww,2
things..,1
mico,6
deterrence,1
helicopter,2
texted,1
with,18
buying,1
abused,1
regimen,1
agres,1
dawg,1
dirty,3
*dr,1
agree,4
gone,2
huskers,3
ohh,1
ad,8
ag,1
af,2
ah,3
aj,1
am,23
nrea,1
ao,1
an,4
ap,2
tshirt,1
au,1
at,13
aw,1
steeping,1
az,1
gruber,2
cream,4
tighe,1
~thanks~,1
tight,1
kahaf..,1
68516,1
eejits,1
337-7884,1
refunded,1
280-1235,1
oneill,1
acosta,5
a.,2
..thnx,1
terry,4
mabry,1
grood,1
natalie,1
macklin,1
usrey,1
tricks,1
having,1
nelson,5
woooooooooaaaahhhhhhhhhhhh,1
mixter,1
franczoz,1
jaja,1
9/12,1
caused,1
ceramic,1
498-6222,1
koerber,1
9128311,1
tx,11
ty,46
tv,13
tilger,2
tu,1
laughing,1
tn,1
to,47
tail,1
12326,1
tj,1
th,2
dressing,1
smile,3
td,2
saturdsyc,1
tc,2
-tamar,1
ta,1
checkin,1
hughes,2
323-791-5771,1
24th,2
horrell,1
rn,1
condition,1
702-817-0602,1
messick,1
shania,1
alqadhi,1
joined,1
ri,1
large,8
sand,1
sane,3
small,9
dodges,4
fashion,1
900,1
pasa,1
carela,1
arnold,1
pass,3
viera,1
hick,2
richard,2
9704200116,1
youuu,1
fucks,2
burgundy,2
method,3
full,1
hours,8
vlada,1
experience,11
pics,2
jennie,1
pick,1
action,3
concerned,2
vaporizer,1
tomayko,1
byrd,3
vip,1
gosh,3
94301,1
silva,3
x40,1
deployement,1
94306,2
pollock,1
abbiati,1
6,16
pupils,1
mora,1
more,18
"7,2016",1
ca10935,1
door,5
company,7
corrected,1
caca,1
moncayo,1
squeal,1
science,1
installing,1
sent,10
morgan,6
male,1
scramble,3
beautiful,8
allegra,1
luckey,1
scam,1
stated,1
rodriguez,14
jasgkja,1
suggestions,2
states,6
artofsleepingin*cough*,1
sense,27
cherie,1
dress,3
mmmmmmmmiiiiiiiiinnnnnnnnneeeeeeee,1
information,9
seminilla,1
xxxx,2
att,1
browne,1
cline,2
worry,2
-yuka,1
hugs,6
reyes,4
www.viance.com,1
syck,1
plant,1
plans,6
rajyagor,1
wiley,2
kingz,1
mendez,1
coolcat,1
mendel,1
authentic,1
www.valuebuildhomes.com,1
pinckley,1
10/24/16,1
leroy,2
register,2
roberson,3
800-777-4510,1
replied,1
mexican,1
nighter,1
fraser,1
276-690-6460,2
brit,1
attitude,2
scots,3
scott,8
dtd33045ce6bf74e208115dabfeb45fe62-cowb3ll,2
signs,2
itv,1
looks*,1
roots,1
briceno,1
1a6,1
gerald,2
massie,1
rallypa.com,1
-kristy,1
inquiry,1
sauce,2
ally,1
kbye,1
okikes,1
8335,1
97404,1
^ks,2
tro,1
^kw,1
always,7
labeling,1
swimsuit,2
^kb,1
found,3
shocking,1
www.huntleyequestrian.com,1
disorganized,1
status,7
england,3
really,10
anxious,1
missed,1
ftw,2
lizeth,1
****,1
research,1
297-4924,1
darline,1
feb.,1
wynhoff,1
ghhhh,1
imagine,1
trevino,2
bartholomew,2
pyne,1
owners,1
infor,1
positioning,1
2573,1
cravens,3
w,6
integra,1
major,1
simuel,1
yes..,1
u148,2
wilder,2
u146,4
u147,1
u144,4
u142,3
number,86
numbee,1
guess,9
hott,1
heads,1
saine,2
tate,2
skout,1
syllables,1
bestforbride.com,1
sympathies,1
shaneeeeeeeee,1
12:35pm,1
helpful,5
mmmm,3
endlessly,1
grace,3
legs,2
aaa,1
walmart,1
marriage,1
erosa,1
dna40,1
masterclass,1
bho,1
975-580-4444,1
defect,1
sell,1
seli,1
difulvio,1
self,2
also,6
play,13
702-818-5476,4
5mins,1
brooklyn,1
plan,8
bosom,1
omaha,1
customer..,1
sometimes,3
cover,3
labbe,1
ugh,4
gold,4
f**kalicious,1
am*,1
*shudder*,1
freight,1
ldskdlsf,1
www.nurse2help.com,1
qoute,1
wraps,2
-anonymous,1
cassette,1
kofflersales.com,1
arteaga,1
bernstein,2
espinosa,1
sharbutt,1
haskin,1
liquid,1
banned,2
resent,1
frightening,1
ltnsea,1
dustin,1
sleeve,1
cry,4
agaun,1
2082587,1
336-3333,2
dyck,1
crm,1
manger,1
set,9
sep,1
jade,1
jada,1
sex,4
see,22
sec,14
sea,1
riddell,1
tv-optreden,9
allie,1
twittering,1
#,83
kroneman,1
movie,6
19078,1
currently,2
gudiry,1
horonetz,1
silly,1
nope,8
monsters,1
compliment,6
aisyhhh,1
europe,3
renard,1
bertagna,1
brownies..,1
last,2
thou,1
larez,1
7735753843,1
connection,2
obisesan,1
retarded,3
thoe,1
approve,2
load,1
binns,1
idownloader,1
0171,1
-danni,1
leon,1
lowder,1
agents,1
church,3
high..,1
devin,1
devil,2
:56,1
publishing,1
darthard,1
faulkner,2
sweetheart,1
tigo,1
fire,4
mind,8
wheeler,2
fund,2
gromit,2
awake,1
towns,1
flashing,2
funk,2
dwyer,1
coveralls,1
straight,3
expanded,1
budget,1
70pg/30pg,1
testttt,1
dominik,1
duran,1
error,2
jubbly,1
graphicsminded.com,1
robin,1
walther,1
pound,2
backing,2
owen,1
amk,1
hollingsworth,1
divya,1
mott,1
vos,1
funny,8
decor,2
barney,1
yuval,1
22953,1
barnes,1
306-3708399,1
5.00,2
shorter,3
read,5
2744,1
4843,1
ca10951,1
ca10953,1
ca10955,1
ca10957,1
eury,1
anonymousity,1
levels,1
100000000,1
vargas,2
amy,1
zelaya,1
kelli,1
eynon,1
person,12
kelly,4
knw,1
..well,1
miliband,46
14347,1
tatatatnanaantatat,1
54729,1
hxjsjjs,1
labourlist,1
boed,1
forrest,1
aloha,2
parents,1
location,18
homeland,1
courtney,5
input,1
huey,1
submissions,1
760-698-2573,1
surprised,1
lumpur,1
tomas,1
library.photoslibrary/thumbnails/2016/03/21/20160321-152218/xsr0wgvjsmerxjwk5gpyfg/thumb_img_2298_1024.jpg,1
australia,1
demands,1
suffering,1
e-161745,1
hooters,1
e-161748,1
projects,1
flannel,1
d,515
hugsssssssss,1
kennedy,3
consensus,1
communications,3
continue,2
marquez,2
limo,1
amicably,1
t_____________t,1
pals,1
sighs,2
mooney,1
molina,1
cd,1
sprint,4
sheesh,2
myatt,1
cupper,1
92129,1
measurements,1
u219,1
religion,3
lilia,1
behave,1
mx008lbk,1
fortner,1
d.fulton,1
be,18
crooks,1
confidence,1
hutto,2
clancy,1
chanop,1
nowhere,1
carol,2
by,22
bz,1
zip,1
anything,13
blackburn,1
grasinski,1
birnbaum,1
hatcher,1
melbourne,1
smallfry,1
stuart,1
mouth,1
farinella,1
addict,1
clinton,1
garbage,1
into,1
hiyas,1
middleton,1
u9,29
u8,20
30055038,1
spam,3
spending,11
u4,4
u7,66
u6,25
u1,17
u0,7
u3,29
u2,5
u.,6
milne,1
suit,1
:,121
elsewhere,3
inches,1
reimbursement,1
poster,1
lins,6
streetwise,1
-ishan,1
butler,3
link,2
ewww,1
line,11
lind,1
relaxes,1
lina,1
posted,4
erick,2
cid,1
up,106
us,24
um,4
customers,8
verification,1
uk,11
supervisor,1
nationalist,1
armstrong,3
623-229-8464,1
likewise,2
98222,1
98223,1
skimming,2
chat,47
nationalism,1
eeewwwwww,1
a.banks,1
edwards,4
invalid,2
definitely,2
carrera,1
tart,1
4/2/16,1
scrub,1
ewwwwwww,1
e-mail*,2
robots,1
meal~,1
tatooine,1
347-405-3322,1
2xl,1
lang,1
agn,1
land,3
fighter,1
trail,1
barkley,1
holes,1
sunlineenergy.com,4
helle,1
walker,4
fresh,1
agu,1
hello,177
hampton,2
code,8
scratch,1
results,2
totem,1
highways,1
www.thetantrasuites.com,1
bvi,1
overacker,2
398-5417,1
klacht,1
turkish,1
description,1
bixby,2
young,7
send,3
cheapo,1
scarlett,1
garden,1
fenner,2
continues,1
fuchai,2
freind,2
millien,1
trk,1
adeniran,1
transmission,1
try,6
this,56
race,1
leonardi,1
clients,1
owwww,1
video,9
ohhhhhhhhhhhhhhhh,1
licenses,1
odd,5
victor,1
ukip,59
richmond,2
uhmm,1
turnaround,1
kwant,1
lee,8
_heartbroken_,1
jammies,1
punch,1
leo,1
poverty,3
consideration,1
great,70
casing,1
shipley,1
9yair,1
rda,1
burleson,1
menu,4
opinion,4
residents,1
makes,1
proked,1
holmes,1
337,1
336,1
18-21s,1
330,1
333,2
77084,1
switzer,2
11229,1
647-405-9541,2
loepp,2
4804558338,1
cheered,1
certificate,1
sazballs,1
lube,1
next,3
wooooohoooo,1
tahoe,1
humus,1
babe,6
heinonen,1
jeanlouis,1
fools,1
integrate,1
unahh,1
baby,11
shoelaces,1
2394255255,1
folder,1
customer,13
balls,1
animals,1
3:00pm,1
challenge,1
oh,14
t-mist,1
pour,1
pre-order,1
drill,1
beavers,1
32951970,1
same.thread,1
coffin,1
bent,1
process,3
benz,1
bwhaha,1
blvd,2
flaviani,1
slip,1
yuuuuuuuuuuuummmmmmmmmmmm,1
u.k.i.p,1
reynolds,2
e320,1
delao,1
merlos,1
coffeepeople,1
kattupalli,1
vuil,1
delay,5
animal,1
10937,1
establishment,1
10931,1
oz,1
baehl,1
mspace,1
gardner,1
fits,1
mothas,1
muppets,1
beanbag,2
counter,1
reminders,2
robot,1
element,1
espaol,1
allow,1
op,3
houston,3
move,2
75w,1
perfect,13
10/11/16,1
hobbs,1
huuuuuuuuuuuuuuuuuuuuuuuuuuuuuuuuuuugz,1
decaf,1
2014,1
sapien,1
2016,8
2011,1
2010,1
2013,2
nada,2
ca10975,1
newman,2
kiss,1
talbert,1
60612,1
walt,2
-ian,1
ohhhhhh,1
hollis,1
truth,3
gwiazda,1
profile,3
beginner,1
bump,1
917-468-2877,1
gither,1
lungomare,1
society,1
91101,1
agriculture,1
calahan,1
shannon,5
tou,1
owers,1
',75
ayala,1
tuyo,1
512-842-7724,1
314643,1
hilarious,4
incompetence,2
burke,2
co.fresno.ca.us,1
585-734-1095,1
yawns,1
zulkarnain,1
surely,1
tied,1
latest,2
12999,1
vaporskinz.com,6
party..,1
could,2
billionaires,1
david,66
length,2
beyt3a2ad,1
woooohoooo,1
davis,21
covellone,1
anita,2
bleu,3
bellsouth.net,1
456,2
jesus,5
yello,1
muhammad,1
prang,1
kaske,1
owner,6
mandatory,1
sharon,3
bodzer,1
strict,1
ordering,3
92105,32
92104,2
fuckers,1
92102,14
lamoreaux,1
delgadillo,1
painful,1
laters,1
gguyyyzzzz,1
stomach,1
v1.9.24,1
playstore,2
gotcha,25
megan,1
reefer,1
depressing,1
haven,1
steel,3
wahhh,1
bother,2
roberts,2
daydreams,1
answers..,3
fawker,1
deodorant,1
tonight,46
5014282784,1
reedel,1
speller,1
cecil,1
ok.thanks,1
documents,2
mills,1
babes,1
linda,1
lily,1
soap,3
661-370-1111,1
manor,1
yarbrough,1
lmaooo,2
visa,1
device,4
broussard,1
rrucker,1
347-436-6603,1
thanksgiving,1
face,6
fiasco,1
painting,1
atmosphere,2
36-38,1
=p,2
guel,1
lmaoo,1
=d,3
bedroom,1
rough,2
maravilhoso,1
taps,1
podcast,2
jay,1
should,2
terminal,2
sylvia,1
indecisos,1
election2015,2
hope,1
meant,2
coupal,1
125/80,3
handle,1
sweetie,2
stylishntrendier.com,2
means,3
prado,1
fongul,1
=/,5
fushi,1
h,9
lala,1
taxes,3
reid,1
galvan,2
stuff,11
dallas,2
hemmelgarn,2
ohio,3
made**,1
guessing,3
btw,3
catastrophic,1
heglar,1
freitas,1
bastes,1
edition,1
chears,1
mac.com,2
toson,1
coils,1
18875,1
retana,1
carollo,1
email,39
ends,3
bridges,1
butts,1
preciado,1
yahoo.com,35
figured,1
nvbn,1
3333333,1
etc,11
eta,1
figures,1
smilin,1
stream~,1
u86,5
u87,6
u84,1
u85,1
co,4
u83,4
u81,1
cc,3
ca,14
cf,2
u88,1
u89,7
repic,1
presoak,1
winning,1
cu,1
ct,3
85.10,1
hawkins,4
laudenslager,1
daaaaaaank,1
silvia,2
mishler,1
drank,1
is:1831,1
louisiana,1
>,31
c.,1
atest,1
eduardo,1
2015,3
graphics,1
sarwar,1
sarwat,1
britain,4
intro,1
eaton,2
dude,6
rx200,1
archie,1
va,3
site,21
heartcore,1
cheaking,1
overspend,2
tattoo,3
denial,1
goths,1
6551,1
juan,4
romance,1
quarles,1
hubbart,1
gibbs,1
www.sofiavape.com,1
demyan,1
android,4
zgg,1
ball,1
columbia,1
raymond,3
drink,6
nationally,1
v.,1
carwash,6
thks,1
infinite,1
thanks-rebecca,1
baffled,1
fielder,1
yoj,1
mail.com,1
off,41
lapdog,1
flanagan,1
bmoses,1
pham,12
1.25,1
-walker,1
flesh,2
vn24-9,1
vn24-8,1
12770,1
rooms,2
paul,4
vn24-7,1
vn24-6,1
vn24-5,1
web,9
otay,1
wee,1
roses,2
wei,1
wel,1
joythegreat,1
*hugs*,3
wet,2
besos,1
government,9
checking,8
chancellor,1
730a-430pm,1
whispers,2
cruz,2
five,1
hehehehe,2
password,7
pies,1
though..,1
lamkin,1
mhm,1
emma,1
chairs,1
mhc,1
michaela,2
~blusherz~,1
hudnell,1
rapest,1
footage,1
12pm,1
e-herpes,2
choosing,1
thies,1
birdwell,1
ballot,1
11606,1
belan,1
mcclain,1
tracey,1
schedule,6
demonstration,1
18464,1
test555,1
pressure,3
loans,1
stage,11
iris,1
sister,1
label,1
angeles,1
gaines,1
gaspppp,1
segovia,1
clooney,1
software,1
alliance,1
letters,1
10/8/2016,1
pussy,3
almorall,1
three,2
luna,2
sapna,1
joyce,2
staton,2
myford,1
peters,3
doing,7
bros.,1
salerno,1
9.5,1
yrr,1
packerschemical.com,1
flynn,1
function,1
2:30pm,1
brumm,1
delivery,6
construction,1
ughhh,2
count,1
baptist,1
corzo,1
packard,1
vriendelijk,1
smooth,1
placed,1
books,2
loveyoutilltheendcarter,1
problem,41
esplana,1
nicatine,1
702-8888,1
weston,1
*sniffs*,1
ing,2
walters,1
*strokes*,1
variety,1
shot,1
diggs,2
lately,1
haraway,2
details,2
booker,2
pmers,2
francisco,3
monday,25
resend,1
^mm,5
cassarah,1
92780,2
chance,6
rey,1
^ms,1
bourque,1
hwllo,1
4393,1
rule,6
aetna,3
9881740,1
lift,1
pension,1
daehnke,1
16909a,1
28203,2
ciao,2
yikes,2
controversial,1
stinks,2
votes,5
porno,1
u819,1
giordano,1
bonchek,1
messenger,2
worth,1
rafaloski,1
green/clear,1
sellers,2
jacob,2
tickets,3
pinch,1
servin,1
gresch,1
robles,1
299,2
speck,1
phones,1
horn,1
brill,1
u92,4
seale,1
7th,2
lacruz,1
7064081,1
machines,1
+,6
bipolar,2
above,3
u98,4
churches,1
*smewchies*,2
told,1
crunch,1
-g,3
817-269-5139,1
4156761878,1
sighssss,1
kudos,1
daughter,2
aks,1
items,3
employees,3
usps,1
derrick.wiley,1
itunes,1
remembah,1
browsing,3
ake,1
iubes,2
marianna,1
cohn,2
secure,1
search,6
profilrs,1
darlings,1
brr,1
bro,8
thursday,12
total,1
brb,23
sarah,1
plow,1
izmirgroup.com,1
u550436035,1
coins,3
81-4073826,1
28105,1
ip,1
card/program,1
is,59
159936,1
vacuums,2
haha,54
3392,1
mathes,1
word,3
tantalum/pvd,1
classareyouproudofhimengland,1
tolson,1
work,60
worl,1
worm,2
cuddle,1
magzine,1
erm,1
u68,7
u69,16
goood,1
u60,4
u61,8
u62,1
u63,4
u64,5
u65,23
u66,19
u67,2
\\op,2
shadeed,1
24234,2
there..,2
farce,2
sonja,1
1192,2
moroz,1
5455,1
shakin,1
moron,2
beach,7
gamble,1
pizza,4
lah,1
lad,1
after,3
lab,1
customs,1
barriers,1
dhl,1
law,3
ex-wife,2
thickens,1
ordee,1
green,5
76051,1
worst,1
order,73
riri,1
office,7
24/24,1
satisfied,1
pascal,1
freeezinggggg,1
younge,1
ggvd,1
somewhere,1
hodan,1
burkovich,1
production,4
savory,1
hahah,2
then,41
them,34
babies,1
cuties,1
break,1
band,3
they,2
bank,4
bread,3
joytap,1
l,8
rocks,5
al-barka,1
92648,1
7.99,1
missouri,2
hurdle,1
30001206,1
beckley,1
carlos,1
jillian,1
kirik,1
pissbaby,1
10971,1
network,2
cameras,7
trainers,1
fellows,1
92027,5
daniel,3
medicine,1
sonnenberg,1
higginbotham,1
866-998-2877,5
-schell,2
standard,2
admits,1
wykrent,1
dashing,1
vets,1
certified,1
elecciones,13
-snow5,1
++,1
+1,2
eces,1
reply.alphonse,1
+=,1
chopped,1
bloomberg,1
92103,1
i.,1
perkins,1
94014,1
delicious,12
comin,1
suunto,1
mcgee,1
dumbass,1
john,16
dogs,1
alonso,1
160086,1
tesoro=yum,1
frieson,1
miiiiiinnnnnnnnnneeeeeeee,1
lucas,1
scenes,1
ebay,1
85045,1
-latmon,1
interests,1
indyref,1
30..,1
seltzer,1
bbctw,1
hheeyyyyyyyyyyyyyyyyyyyyyyyyyyyyyyyyyyyyyyyyyyyyyyy,1
genuine,1
convenient,1
latter,1
mojitos,1
chipman,1
transmit,1
completed,1
weeding,1
hawes,1
8005430613,1
bruce,1
ebook,1
=lavatory,1
hopson-jenkins,1
33333333333333333,1
germany,2
grave,3
porfabor,3
hanna,1
8587037059,1
29572,3
responder,2
33993,2
bracket,1
aunt,3
levinson,1
voting,9
responded,1
buttsex-,1
renting,1
stephens,2
lewis,6
sweetdatemediainc.com,1
8153,1
fleming,1
d=,1
enjoyed,2
guidance,1
kinky,1
skye,1
hrs,4
farron.qed,1
rincones,1
personality,1
do,48
^cl,1
760-908-4313,1
de,1
dc,1
cardinals,1
da,1
watson,1
mom..,1
nasty,1
du,1
dr,1
yey,1
pearson,1
wowsa,1
emo,1
emt,1
steak,1
419,1
9.30,1
analytics,1
depends,1
wilcoxson,1
miserable,1
o_o,2
777777,1
yer,1
mitch,1
away,17
swimwear,1
plummeting,1
t-mobile,1
pfft,1
co.,2
we,1
wc,1
o_0,1
wa,3
wm,2
lover,2
lol..,1
wv,3
wu,2
eipt,1
wy,1
kitchen,5
received,14
brat,1
hummus,3
lousiana,1
brad,1
com,4
coo,1
con,1
peacefully,1
tone,2
toni,2
paradie,1
dunomes,1
djinaj,1
paradis,1
reisinger,1
*10,1
speak,2
petty,2
estaban,1
ruffin,1
97045,4
flexible,1
scarecrow,1
hosie,1
families,1
easy,1
dickerson,3
east,2
ahead,4
publicly,1
air,5
aim,1
roussell,1
aid,1
voice,6
davenport,1
mistake,4
dobson,1
conv,1
thursdays,1
eeeek,1
maidstone,1
conf,1
confirmed,12
apparently,2
milliliters,1
plated,1
plates,1
41215,1
bunny,2
independent,3
raid,3
nic,2
everett,1
hang,1
evil,3
hand,2
textplus,1
redneck,1
hans,1
dna200,1
niv,22
off..,1
662-647-4608,1
kept,1
scenario,1
thx,83
kyla,2
1975,1
min,35
tho,10
client,1
the,22
rocnywebdesign.com,1
gods,3
suarezharmonson,1
thanks,553
victim,2
responding..,1
mohamed,2
adding,1
family,11
josh,4
wright,1
ma'am,4
spread,2
yoyo,1
board,2
gilfix,1
maya,2
gregg,2
mayo,1
mmmomom,1
caps,1
www.flybayarea.com,1
mayt,1
snns,1
cancino,1
cape,1
aran,1
juno.com,1
rosacea,2
cooley,1
ffuug,1
clegg,26
u42,18
11am,1
ge15,3
u41,24
u46,22
u47,27
u44,19
night,29
u48,27
u49,29
kearney,1
webb,2
portalatin,1
-nate,1
limon,1
haleem,1
borg,1
confusing,4
/,22
asking,5
4/29,1
small/medium,1
pls,5
marketing,1
military2f-635s6dta,1
plz,9
orellana,1
sadis,1
deelish,1
post,5
herpes,1
_____,1
aguilar,3
coral,1
months,2
92339,1
banker,1
gratner,1
sauve,1
lois,1
balanced,2
paya,1
stumble,1
12736,1
hadnot,1
omnious,1
heheh,2
shhhh,1
wah,1
wae,1
fight,1
way,48
him..,1
wat,1
was,7
ferris,1
heher,2
snowy,1
teehee,2
converse,1
1pm-7pm,1
mcconner,1
dead,5
hmmmmmmm,1
mercado,1
true,12
reset,1
responding,3
isis,1
mtr,1
cosey,1
reschedual,1
crystal,1
ofcom,1
blevins,1
emir,1
promises,3
moore,8
request,3
millhouse,1
disease,1
41972,1
hackett,1
17511,1
abcede,1
dying,1
stake,1
12:11pm,1
reality,3
interested,5
test,237
tesr,1
o'clock,1
juices,1
welcome,64
update,9
hmmmmmmmmmm,1
hiii,1
togethet,1
normally,1
bottom,4
konchitchki,1
together,4
69.99,1
songy,1
ravancho,1
davni,1
paige,1
songs,3
concept,1
patino,1
631-498-6222,1
intgro.com,1
battle,1
9027,1
turimi,1
heller,1
yvw,1
sobczak,1
system,12
575-1122,1
hump,1
flash,1
humm,1
brown,15
supported,2
vegas,2
11am6pm,1
trouble,3
customer/consumer,1
cunningham,2
gun,3
gum,1
presenter,1
soooo,1
guy,12
regret,1
mctesty,1
discover,1
cost,3
rowell,1
e-bay,1
=o,1
barbie,1
assistance,2
uniform,1
wolfe,1
gawd,2
aling,1
urzua,1
^ac,1
shivers,1
please..,3
teacher,2
change,6
pedals,1
trial,13
8.99shipping,1
done..rt,1
pillow,4
wolf*,1
lmfaoooo,1
regardless,3
saunders,1
56ys8rhx0eoa,1
jimenezvargas,1
.ada,1
grrrrrrrrr,1
fbc,1
italians,1
sufferers,1
hahahahaaa,1
3038986349,1
market,1
flavors,3
kernersville,1
you..,3
espinal,1
live,8
ecigs,1
cutes,1
shopgirl,2
club,5
cmvxmvxmmbmxmxmbmmmmvm,1
nguyen,6
36839515,1
lemieux,1
1488q3pdb,1
migrants,2
you.n,1
car,25
cat,3
wanker,2
fock,1
can,13
cam,2
cal,1
cab,1
caf,1
heart,2
dedicated,1
314-878-4562,1
carroll,1
chit,1
heard,3
spk,1
chin,1
gaytan,1
spa,1
clothing,2
serum,2
wix.com,4
economy,8
community,1
product,8
fajardo,2
zimmerman,1
24492156138637002786274,1
osborne,1
0.75,1
lifting,1
remember,4
792-5644,1
whenever,1
benny,3
geimer,2
grilfriend,1
fireball,1
ghj,1
typical,2
indeed,1
richards,2
tablets,1
cold,6
still,1
rosette,1
2407,1
window,4
2405,1
2152,1
dallago,1
years..,1
kissy,1
non,2
sergio,1
noe,1
grrrr,1
news..boston,1
1950,2
not,25
now,137
discuss,2
halo,1
barrow,2
wont,2
down,17
333333333,1
galloway,1
james,6
wong,3
stockholm,1
crupi,1
wavemedia,1
em,5
en,1
fired,1
challenged,1
ed,8
yeah,20
646-559-9909,1
yeap,1
yeas,2
year,19
eu,12
happen,9
avoided,1
38778,1
es,2
tried,3
avitia,1
looking,4
benitez,1
shows,2
alreadypayed,1
e.,1
philharmonic,1
thong,1
carr,4
cars,1
swinton,1
cart,6
argh,1
ca.91910,1
ominous,1
-michael,1
card,16
care,6
fixed,6
selections,1
honest,1
u24,24
u25,17
u26,14
u27,19
u20,23
u21,21
u22,18
u23,17
u28,29
u29,13
xi,1
xo,5
helton,1
burstow,1
xd,11
yourself,4
xx,62
directly,4
v-4,1
tomorrow,52
sizd,1
size,8
sheer,1
sheet,2
10-17-16,1
breed,1
mwamwa,1
naughtier,1
yeppers,2
friend,63
dolan,1
x.,2
91950,3
that,100
sandoval,2
x2,1
x3,1
flowers,3
appreciated,8
x4,1
x5,1
television,1
seuss,1
travis,1
www.tcstraps.com,1
browser,2
crain,1
rooks,1
angel,2
keiser,2
craig,2
correction,2
kairu,1
slam,1
distorted,1
slag,1
breakfast,1
recover,1
0403,1
+urlgen,1
meegan,1
icloud.com,5
mckee,1
online,19
traskie,1
santiago,2
prick,1
cordoba,1
gilham,1
price,15
koffie,1
15802a,1
-snow10,1
america,2
],40
bellend,4
michelle,2
forever,2
teeple,1
attempting,1
sunset,1
professional,2
7:30,1
500.00,1
gariner,1
ltns,2
4575,1
maine,3
geography,1
aint,1
upgrade,1
u143,1
clauson,1
title,1
texture,1
only,5
usps.com,1
thompson,12
stain,1
jole,1
pumpkin,1
filpboard,1
chantal,1
ruano,1
sigelei,1
bracelets,1
aynawy,1
goble,1
leather,2
10-4,1
losers,1
amanda,1
husband,4
physically,1
peralta,1
classless,1
bafoon,1
asleep,1
mibrandcuts,1
11301,1
sport,1
laffoon,1
concern,4
lawl,2
hosmer,1
3,49
estas,1
10mins,1
between,2
33154,1
singletery,1
database.thanks,1
takagi,1
yumm,1
article,5
9009,1
vue,1
installation,2
talented,1
voicemail,1
monk,1
poshjar.myshopify.com,1
wheels,1
delete,1
twerps,1
jeans,2
salinas,1
alzate,1
mwahhss,1
eads,1
jeana,1
oliver,1
cares,1
sket,1
legit,1
1030,1
1037,1
elvis,1
martz,1
midwives,1
cutie,2
these,1
winks,1
accommodating,1
crump,1
scum,5
ortegon,1
orientation,1
89110,3
canceled,2
bias,2
92116.thanks,1
iamahotnipwithpics,1
ship,8
dreamlover.com,1
take..,1
1234567,1
leeswood-jones,1
media,7
ya,24
de-tubetop,1
followers,2
mciver,1
coworkers,1
slagel,2
finish,2
gombert,1
foam,1
marta,1
fruit,2
favorites,1
tradition,2
bryce,1
charges,2
charger,3
ccw,1
paden,2
breeze,1
9/1,1
hahahahahaha,2
cbs13.com,1
charged,1
deason,1
ck,1
choreography,1
water/sewer/irrigation,1
toby,1
*-*,1
858-395-6686,1
touch,6
u82,6
melton,1
ps4,2
death,8
cl,2
desktop,6
gooooo,1
wilkie,1
treatment,2
alfaro,1
real,3
psh,1
fadley,2
spectacular,1
rules,1
discontinue,1
vasco,1
early,1
earnest,1
listening,2
galvin,1
execution,1
lady,3
pst,4
pounds,1
6392,1
annually,1
benefit,7
moreno,1
t,7
orozco,1
muhaha,1
blog/website,1
trujillo,1
payed,1
kaiser,1
75230,1
cleanser,1
sr.,3
/via,1
conservative,1
models,1
h.s,1
noooooooooooooo,1
deficit,1
415-302-1124,1
.75,1
business,9
asap,44
tdc,1
whoaaaaaaaaaaaa,1
balkee,1
harber,1
credits,4
^_^,7
tdr,1
exciting,1
comparison,1
wolf,1
chow,1
"..10,000",1
backup,1
dextre,1
transfers,1
operator,1
yous,1
koo..thanx,1
perving,1
u134,1
prepare,1
area,12
u133,3
lol,641
start,9
cats,3
low,4
lot,6
starr,2
valencia,1
krdavis.net,1
leach,1
pitcher,2
07011,1
dsad,1
drame,2
farage,57
multitasking,1
trying,5
groat,1
you0,1
churro,1
miguel,5
toner,1
meyooky,1
impersonator,1
bbiam,1
momentarily,1
sales,1
1203,1
autocheckout,1
scanned,1
britain..,1
daily,1
moves,2
bollox,1
okaydokay,1
yoi,1
nancy,1
event,1
valid,1
you,766
poor,3
polar,1
poop,2
britannique,6
60s,1
laomma_couture,1
boing,1
racca,1
carpenter,1
babyyy,1
coverage,1
yikesssss,1
ymail.com,1
pool,3
taranto,1
heyyyuiii,1
controlled,1
909-1931,1
-jason,1
youngblood,1
97025,1
4697636260,1
dripple,1
isenbart,1
month,7
760.755.0477,1
deadline,1
cameron,13
-_,1
15463,1
-d,5
griffin,5
frequently..,1
cardenad,1
-o,9
-h,1
4142,1
foster,1
danielle,2
-p,1
-s,2
baddies,1
cardenas,2
bouncers,1
hodges,1
hahahahahahaha,1
mps,4
parra,1
cusion,1
austerity,8
baristas,1
neulist,1
--,3
louis,1
-/,4
benning,2
-1,1
bravin,1
anal,1
meduim,1
louie,1
cookies,1
instagram,1
appearance,1
92116,1
dunn,3
soule,1
nana,2
barrientos,1
knock..,1
apologized,1
\\m/,2
5637230246,1
repugnant,1
incompetance,1
dt1af13cf380f14177aa19d88db50e10d6-cowb3ll,8
3.00,1
iran,1
hahaha,20
answers,4
tracks,1
gael,1
trunk,1
agbor,1
strong,2
conviction,1
creepy,1
buinesses,1
amount,1
harvill,1
trainer,2
408-768-7844,1
alohaaa,1
lagos,1
chunks,1
bleedgreen..,1
30091801,1
answered,1
kittie,1
tiarks,2
sudano,1
towles,1
917-334-8600,1
bembry,1
taken,1
authorization,2
co-worker/friend,1
jr.,4
vm,1
lazaro,1
garza,3
broke,3
dios,1
obasiolu,1
hurry,3
lust,1
798-0189,1
*yes,1
-l.,3
coalition,17
nina,1
nebraska,1
monedero,4
nino,1
history,2
gereluk,1
f5,1
^.^,1
alba,1
voided,1
myles,1
internrt,1
partner,1
fuentes,1
hhh,2
ekpo,1
t.w,4
ca-95035,1
clarke,2
spreadsheet,1
ruda,1
fu,1
rude,5
6:25pm,1
beeehave,1
fb,3
e159435,1
fi,2
fl,4
a,15
burns,4
melnar,1
anytime,6
15961,1
ego,2
hobbit,1
banks,3
egg,2
hudek,1
uninstall,1
help,97
y.,1
ffs,1
soon,33
apalling,1
held,1
gezzz,1
helm,1
hell,5
3222326062,1
markia,1
hendrix,2
actually,2
friendliest,1
-brian,2
vemding,1
basterash,1
fool,5
everrrrrrrrrrr,1
evening,8
yo,9
1701,1
ceo,2
moaning,1
starbucks,1
foot,2
yp,1
yu,1
yw,17
deminished,1
bryan,3
sameer,1
334-8947,1
ciminillo,1
bless,5
lavander,1
gomez-rangel,1
stopped,2
die,4
sturgiss,1
porties,1
aduddell,1
heavy,2
neil,1
editor-in-chief,1
positioned,1
carver3.23,1
99701,1
goodnite,1
me.com,1
kelley-cowan,1
specials,1
robert,1
2100351,1
douglas,3
92037,1
7,10
issue,23
conservadores,1
ass,8
bass,1
labo,1
pub,2
thxg,1
reason,5
base,1
ask,2
thxs,1
asl,2
opps,2
launch,1
pilatesbodynyc,1
terrible,1
american,1
knobeloch,6
apocalypse,1
weapond,1
knott,2
ca.92130,1
dust,1
faciane,1
1873,2
miss,2
st.,3
st/,1
deanna,1
station,5
gradney,1
2113,1
banana,2
bechtel,1
s6..,2
hotaisndonwyvauwjoqhsjsnaihsuswtf,1
bowen,1
wikyou,1
jamie,7
onfirmed,1
1919,2
velasquez,1
jordan,3
boredom,1
*same,1
f*cktards,1
13212,1
sunline,1
60714,2
grey,3
screach,1
greg,2
grea,1
351306,1
gensemer,1
builder,1
11:40,1
charlotte,1
lmaooooo,1
juice,9
4015,1
94709,1
sentences,1
5:27pm,1
lie,2
tyvm,2
u.s,1
evasion,1
cherokee,1
staph,2
scotland,25
lit,1
liu,1
labour,23
useless,1
inglish,1
liz,1
suivi,1
nooooooooooooooo,1
quote,5
kai,1
469-213-3616,1
kal,2
hired,1
approved,1
sherard,1
no.thaks,1
mobile,12
www.ownerlistens.com/givefeedback,1
clear,2
calling,1
init,1
unreasonable,1
kresak,1
singleeeeeeee,1
clean,2
usual,4
shoutout,1
giggles,4
30036574,1
666,1
unfullfilled,1
cheerio,1
stalker,1
alaniz,1
shcs,1
duncan,1
justice,1
less,2
randy,1
crisantos,1
pretty,3
rsvpkingz.com,1
circle,3
darwin,1
etc..,3
91911,5
91910,17
91913,2
726-8021,1
3xl,1
trees,1
feels,1
ewwwwww,1
during,1
feelz,1
alexander,2
cascilla,1
mcbeth,1
badge,2
gloves,2
glover,1
recommendations,1
x,101
ooooooooooo,1
courteous,1
backtrack,1
prague,1
plausible,1
manning,1
close,2
angie,2
locals,1
.yeeeeeaaaaaaaayyyy,1
hibiscus,1
940-8889,1
horrid,1
pictures,7
wow,8
voteukip,1
engel,1
won,1
guardian,2
probably,1
uncanny,1
socal.rr.com,1
spray,1
invisible,1
stale,1
93041,1
both,6
fiance,1
kisha,1
rodgers,1
brightwell,1
jeff,8
battery,1
steele,1
manners,1
whatever,3
spotting,1
likes,1
o0o,1
moisturizer,1
10959,1
damn,11
napa,1
empty,2
klikna,1
sanders,7
lived,1
crack,1
else,18
lives,2
loon,1
lool,1
9500110584926090034354,1
look,6
socialist,1
clocer,1
while,5
smart,1
larry,1
mitchell,6
guide,2
pack,3
30113605,1
smacked,1
voters,12
623-670-8293,1
afterall~,1
skype,3
ready,8
foxwoods,1
hellos,1
gimp,1
albany,1
yungkitten,1
-ja,1
anymore,9
grant,3
meineke,1
ammnnaaaazing,1
byeeeeeeeeeeeee,1
hallway,1
used,1
goodwin,2
ratings,1
bonus,1
blair,1
trekell,1
bahahahaa,1
romero*,1
cleaning,2
lil,1
cleary,1
pricks,1
grins,1
doody,1
cave,1
quarters,2
$,13
guaranteed,1
*drools*,1
rebeca,1
understand/help,1
...,615
beeeeehave,1
haribo,1
showing,2
ruff,3
u520,1
game,8
gastonia,1
wings,2
sdasd,1
donna,2
loucks,1
whiteys,1
15985,1
saturdays,1
yoll,1
esqueda,1
msutah,1
some,7
pierre,1
mmmmk,1
experienced,1
mmmmm,1
mustang,1
gracia,1
delivered,2
goodbyeeeeee,1
garage,2
quickly,2
perved,1
everybody,2
goooooo,1
measures,1
run,3
azucar,1
processing,2
www.liftedview.com,1
cochran,1
step,1
chick,1
6007211824,1
77,1
82009,1
kelsysandoval11,1
12518,1
idv,1
awwww,1
sake,2
idk,2
messaging,1
perforformance,1
ojkm,1
block,1
seeing,3
ilendkfn,1
nonsense,2
6199402123,1
carlton,1
wish..,1
britton,1
..,125
111.45,1
consultation,1
palomino,1
adam,1
92056,1
laffs,1
himself,1
pwq,1
registered,1
tober,1
friebds,1
properly,6
reed,3
fishy,1
ezell,1
decades,1
info,15
jajajaaa,1
initially..,1
616-389-7885,1
-nic,1
stumbling,1
paola,2
botley,1
kenley,1
triers,1
muniz,1
uber,1
ordered,1
adults,2
18982,1
recommendation,1
zayniscomingbackonjuly26,1
10/24,1
10/23,1
988009717,2
rupert,1
comprende,1
4921,2
enquirer,1
nad,1
akst,1
nah,3
fears,1
nam,1
application,2
politicians,2
naw,1
tits,1
department,1
manhattan,1
service..,1
smiles,5
gun-shorty,1
ic.fbi.gov,1
does*,1
760-200-1991,2
e,6
youtube,2
depth,2
downing,1
dvr,2
101vape,1
trust,1
gt,1
gs,1
anyway..,1
gg,1
nuno,1
nunn,2
gb,1
assigned,1
go,17
humid,1
gm,3
gl,1
kate,1
rhonda,2
39893,1
wizard,1
nose,1
nigel_farage,1
does,8
friendly,5
-burhan,2
1790,1
kitty,1
stroud,2
miners,1
purcarey,1
wash.,19
nichols,1
esselborn,1
crowed,1
exits,1
267-912-1378,1
button,6
michael,8
ryan,5
kirschner,2
2.25,1
compensated,1
carter,4
khalifa,1
alto,4
boots,3
ownerlistens,28
grrr,2
95051,1
ca10985,1
suber,1
diviiiiiiiine,1
cell,2
collins,4
;,44
nicholas,1
goodlow,1
thiesen,1
mccraw,1
garmon,2
upsetting,1
granzeier,1
ulm,2
rausch,1
virginiaccw.com,1
dzwilefsky,1
hopson,1
hshs,1
products,12
:3002,1
mckissic,1
eaden,1
6012080444,1
addresses,1
clark,4
danger,1
win,10
sicily,1
wii,1
4.75,1
31093,1
longoria,1
ge2015/2,1
singing,2
wix,6
reneaud,1
crap,5
deop,3
camery,1
sternik,1
28147,1
cheeks,1
popped,1
1/2,6
started,5
confused,4
couch*,1
popper,1
kjhkjlkjhjhl,1
justin,2
wearin,1
ferdous,1
ride,4
93060,1
crossed,1
meet,4
meep,1
meer,1
control,1
cosa,1
phantastic,1
halloween,1
whistlestoptomball.com,1
hickman,2
*geographically,1
wonderful,2
buddyyyyyy,1
25017,1
waaaaa,1
bombs+wars,1
ribs,1
85202,1
lesley,1
located,4
perspire,1
602-635-3375,1
-teteh,1
0021,1
farm,1
asdadada,1
fart,1
jones-brooks,2
e-161011,1
aangeboden,1
bakery,1
westborough,14
favourites,1
otieno,1
ghnncppxdkd,1
801-755-1661,1
facilitated,1
giod,1
grrrrrrrrrrrrrrrrr,1
cruise,1
mentioned,1
s4,1
massey,1
blake,1
dashbrd,1
face10,1
lofton,1
emails,6
quarshie,2
valarie,1
auto,1
hands,2
front,4
24059,1
bolin,1
thanks..,3
jentest,1
*spank*,1
u196,1
mode,3
ellyson,1
nationals,1
|,7
commonwealth,1
4101802,1
junkets,1
701,1
0g6,2
lipstein,1
sands,1
fallbrook,2
measure,1
special,4
patel,1
18st,1
undemocratic,1
hahahahahahahahaahaha,1
ricky,1
memes,1
cause,1
wuity,1
negron,1
withdrawal,1
furey,1
gloeckl,1
completely,2
ect,1
8623979323,1
conservatives,2
hubble,1
hostile,1
florida,5
economy+business,1
times,12
plssss,1
lancer,1
austin,1
softer,1
lovato,1
snyder,1
mag,1
evans,6
tttttvch,1
powerful,1
tatman,1
permenant,1
bitch,5
precisely,1
hehe,11
management,3
mam,3
adopted,1
chintz,1
attach,1
wrapped,1
wallet.thanks,1
*whimpers*,1
townsend,1
beard,1
bledsoe,1
hotmail.com,17
dtla,1
exactly,1
lists,4
cya,1
646-504-0350,1
e-161389,1
misspelt,1
yrs,2
-andy,1
bed,1
31426,1
defense,1
alabi,2
6th,1
bes,1
referral,1
bet,2
julian,1
kellen,1
55369,1
neel,1
buy,4
need,7
kelley,3
bastard,2
inlightandwellness,5
bahena,1
lalonde,1
www.univ-biskra.dz,1
u72,12
truck,4
pointment,1
u71,1
hackman,1
aww,3
jorge,1
~smirkz~,1
u75,4
2533,1
awd,1
stereo,1
maloy,1
aschim,1
url,1
10.50pm,1
upset,1
scrambled,1
thehousehero.com,1
impression,1
tryer,1
chadwick,1
scheid,1
anyway,20
rissman,1
nowak,1
shoes,1
con/lab,1
(,3928
caraballo,1
winner,3
2480,2
virgo,1
employee,2
dodge,2
michigan,1
santillan,1
120,1
tbh,4
123,8
127,1
dodgy,1
emmet,1
17015,1
gray,5
trucks,1
hiring,2
gust,1
ughh,1
pracchindesai,1
navarro,2
felipe,1
fridge,1
processed,1
dangerous,1
tunes,2
prayers,1
cuts,9
caning,1
freeze,2
habich,1
computer,3
powder,2
30191211,1
swackhammer,1
tammie,1
luv,1
10695,1
nightmare,1
lovelies,1
state,2
fyij,1
horrible,4
flicks,1
kirchhof,1
neither,1
15882,1
gotcha*,1
supernova,1
resy,1
hendrickson,3
rinsed,1
key,3
broadenax,1
mindy,1
e-162090,1
minutes,13
30097204,1
adjei-sarpong,1
mouthhhhh,1
spatter,1
thang,1
bagels,1
jersey,4
spandex,1
tuesday,8
95032,1
m/l,4
hi.hello,1
quit,2
yay,5
gardenhire,1
yap,1
quiz,2
yai,1
treat,1
day..,2
hernandez,10
6199943142,1
832-875-3573,1
otl,1
policy,2
abortions,1
ours,2
smoking,1
4355929469,1
overcharged..,1
novel,1
14422,1
xoxoxo,2
harden,1
`ddddd,1
boswell,1
kimball,1
xpress,1
medium..,1
gamxlogo_smalljpg,1
"2,307",1
837-4779,1
demo,4
zonefive,1
advace,1
milibashing,1
lejaeghere,1
bucks,5
balloon,1
/c,1
ramaley,1
allergies,1
parts,1
speaker,1
mullis,1
party,19
inc,1
ventura,1
212-874-5495,1
effect,3
nightly,1
krueger,1
9:04,1
ugur,1
transaction,1
shalom,1
801.589.4433*mobile*,1
well,51
9:00,1
philz,19
/3,4
pykoty,1
votte,2
dosa,1
dose,1
mistakes,1
hess,1
groetelaers,1
spells,1
size1,1
nats,2
balloons,1
nate,1
ashman,1
sonia,1
newspape,1
apoobtmrnt,1
makiato,1
utah,2
crushed,1
.jm,1
livid,1
tapjoy~,1
dudes,1
immediately,3
loss,1
6013,1
pacheco,1
lost,6
ring,1
clown,1
breezysf,1
lose,1
martie,1
page,15
10040,1
twitter,4
a-b,1
tuemler,1
deliverance,1
cleveland,2
home,9
liking,1
grozenski,1
lambergini,1
delaware,1
7174049161,1
liebesman,1
e-mail,1
delivery.com,1
wendy,1
sweepstakes,2
?,6374
limitations,1
coates,1
casillo,1
embry,1
awwwwwwwwww,1
hewston,1
toppings,1
more..,1
previously,1
washington,5
8/18,1
h.,1
8/10,1
emaiil,1
cuevas,1
additional,1
test-liz,1
36968465,1
daniels,1
lainie,1
hx,1
mongiello,1
north,1
lab+snp,1
hr,2
ukaye,1
hq,59
hh,1
strawberries,1
gain,1
nut,1
hb,1
ha,8
he,2
aiiiiiiiiiiiiiiiiiiiiiiii,1
cells,1
bradstreet,1
po,1
-kathryn,1
postacardz,1
stories,1
1800-573-0819,1
display,2
kenebrew,1
reservations,1
signage,1
kisses,1
erin,3
erik,1
eric,4
hgbhjnk,1
diego,2
contest,1
97945,2
metoyer,1
7/19,1
7/18,1
-dan,1
7/10,1
7/15,1
7/14,1
elanllc.com,1
canada,7
star,2
ecstatic,1
justsaying,1
credentialing,1
canvas,1
stay,3
foil,1
15273,1
friendy,1
grille,1
friends,8
spence,1
chalky,1
95953,1
samsung,1
blogs,1
martin,4
quistion,1
extras,1
klass,2
simpson,1
kreider,1
whoops,1
6pm,1
captain,1
guerrero,1
buddy,3
aug,1
swan,1
fenstermacher,1
sorry,36
winfrey,1
pact,1
updated,1
fontenot,1
connects,1
updates,3
sc3310zs,1
govern,1
-austin,1
vass,1
vast,1
alpine,1
unexceptional,1
moreeeee,1
skills,1
nudes,2
debraine,1
solution,2
fhc,1
herbert,1
convenience,1
falco,1
9pm,2
10k,1
8704033659,1
force,1
likely,2
cactus,1
281236,1
even,8
pandes,1
preferences,1
neh,1
ned,1
meowkd,1
lights,1
haze,1
-kpk,1
16384,1
cheng,1
net,4
ever,19
mee,1
10+,1
mef,1
miguanpicher,1
men,2
meh,1
drew,4
mew,1
kruppa,1
www.optimizationmedia.biz,1
active,1
screamo,1
100,2
101,1
104,1
dry,3
leland,1
suh-west,1
johanna,1
jayse,1
credit,3
80118,1
bucklew,1
cindy,1
permit,3
80112,1
buckley,1
eil-bottom-suntan-aztec,1
2083544,1
fantastic,2
edengourmet.com,3
campaign,8
slices,1
county,1
moran,1
4182652,2
counts,1
7603314542,1
cali,1
edward,1
call,17
bugaj,1
bdsm,1
recommend,2
survive,1
tell,5
calf,1
posting,1
watts,1
js_bergin,1
spargo,1
warm,2
adult,2
biatch,2
czn6ykgv6du5,1
workmanship,1
ward,3
getdowntolunch.com/862194,1
room,42
st..,1
setup,2
162.50,1
roof,2
movies,1
flory,2
vodka,1
paalam,1
laughs,1
honey,5
homie,2
point,11
7673,1
pollard,1
creasing,1
amazing,12
answer,9
purnell,1
esman,1
boooooooooooglyyyyyy,1
soapys,1
thankyou,8
2.21776e+11,1
shaw,1
purchase,10
horchata,1
third,3
recieved,1
3857599,1
no10,3
prittier,1
goodbye,1
*huggggs,1
mcsol,1
fife,2
zoscak,1
murray,3
viance.com,1
shorkey,1
nepsey,1
estee,1
boales,1
before,8
10.6,2
personal,1
",",66
crew,2
better,16
ahhhhhhhhhhhhhh,1
weeks,10
yummmm:3,1
eyal,1
robledo,1
workout,1
deal..,1
one,66
5998,1
rhetoric,2
meat,1
chandler,1
limits,3
ewwww,2
lucy,6
uitvlugt,1
bootay,1
mcfarland,1
roast,1
ducking,1
"can,91950",1
rosemary,1
side,8
mean,9
623-444-6204,2
skinz,3
durability,1
principles,1
aide,1
literature,1
watchs**,1
forgot,3
navy,1
dawn,1
6781,1
27.00,1
pussies,1
lurks,1
chhers,1
content,1
checkout..,1
debit,1
flirtbuddy,1
rehearsed,1
5-mar,1
u.s.,1
revenge,1
beatty,3
helloo,1
ramos,3
mistress,1
-rae,1
paez,1
startx,3
12009,1
dying..,1
817-296-3730,1
messages,5
xue,1
signature,2
messaged,1
loud,4
stewart,3
features,1
rolison,1
57401,1
9535,1
ily,3
hellio,1
hooo,1
leaders,3
girly,1
girls,5
-chuck,1
burgess,1
e-160903,1
twister,1
thank.you,1
alfred,1
swoosh,1
tokens,12
helen,2
abrir,1
1501,1
hampden,1
distance,1
anxiety,1
wahoooooooo,1
soonest,1
matter,2
fabulous,1
gymnastisc,1
2692,1
mini,1
mikeeeeeeeeeeeeeeeeeeeeeeeeee,1
caleb,2
mine,7
mijangos,1
hdjf,1
seen,1
mint,1
fabulouz,1
gabriela,1
huggss,1
thornton,1
shawn,6
chest,1
bandsaw,1
daddiest,1
mario,1
yaple,1
regular,2
17830,1
shabazz,1
\\\\\\,1
massages,1
7am,1
doo,1
petonic,1
m,14
dog,1
doe,1
points,2
44437,1
great..,1
1800-ask-usps,1
29803,1
annoyed,1
mejia,2
2146769225,1
retire,1
anti-sexy,1
owler,1
explain,1
acne,1
/333,1
sugar,1
zimnicki,1
folks,2
maryann,1
katich,1
grisson,1
wearing,2
monica,1
patter,1
greatings,1
stop,27
xialan,1
kubik,1
patten,2
barlow,1
bar,3
loanpros,1
bay,6
bad,21
bae,1
scraping,1
ban,1
earp,1
2159,5
ears,4
veres,1
testing,58
alterations,1
sturgeon,7
olove,1
ddx418,1
subject,1
said,6
08,1
panels,1
beistel,1
peppersteak,1
pets,1
*vbs*,1
binosdia,1
warrior,2
omg,18
buford,2
73042,1
modeling,1
vauk,1
creds,1
mukesh,1
munoz,1
compton,2
2346,1
against,1
urls,1
pate,1
contribution,1
uno,1
tilbury,1
sudeep,1
goodshit,1
vanbien,1
height,1
4631,1
tianj,1
rainer,2
asks,2
basis,1
sal,2
referendum,9
ting,2
tine,1
trigger,2
tina,2
basic,3
entered,1
lovely,3
riley,5
website,31
mch,1
chun,1
ge2015,2
sunshine,1
2092194,1
cheryl,1
hellerrrrrrr,1
281-734-1312,1
unpopular,1
exception,1
gracias,4
tank,1
jewell,3
tang,1
wagoner,1
662.897.1132,1
shipping..,1
ugly,2
near,2
neat,1
dkdn,1
balance,1
admirer..,1
iz,1
zahuranic,1
mexico,1
carlson,1
cajones,1
it,302
iv,1
ii,3
shame,1
ik,1
im,2
il,5
in,60
barajas,1
ig,1
pathfinder,1
bottles,2
make,1
77491-5307,1
isctive,1
80x,1
ca94025,1
grows,1
ello,3
kit,3
kik,1
garlic,1
kim,5
vibrated,1
villegas,1
403-744-1020,1
thoughts,2
kid,3
failing,1
smoker,1
inherit,2
punishment,1
hydration,1
reese,3
stws12079,2
carrizales,1
yours,4
left,18
*pets*,1
just,2
sentence,1
yea,4
||,2
unfair,2
ceja,1
andert,1
human,2
facts,2
yep,15
yes,161
cretin,1
yet,34
candidate,6
1sec,1
1779,1
woodlawn,2
jules,1
~brittany,1
whatsapp,1
save,3
adress,1
balbuena,1
vanessa,2
7863007644,1
forester,1
shocker,1
nationalists,3
background,1
30,6
govt,3
strap,3
thank-you,2
-_-,4
3035,1
unnecessary,1
creighton,1
dean,1
deal,38
deaf,1
somehow,1
gemellas,1
paragraphs,1
dear,4
barnhill,1
notification,1
microwave,2
2134540641,2
morace,1
elming,1
subscriptions,1
huber,1
burn,2
0pm,1
popular,1
super,1
magazinw,1
donno,1
yelling,1
wheeeeeeeeeeeeeeeeeeeeeeeeeeeeeeeeee,1
meow,1
delacruz,1
stanciel,1
magazine,18
afternoon,5
tyree,1
islands,1
vuela,1
nerve,1
armtnpeat,1
subs,1
lied,1
number..,1
lier,1
lies,5
anti-ukip,1
20+,1
communists,1
carrasco,2
homoki,1
6199301200,1
winters,1
80vg/20pg,1
christelle,1
walderslade,1
214-686-3604,1
ariba,1
lowe,1
form,5
ford,4
bowens,1
legendmicro.com,1
220,1
oneee,1
builds,1
attached,1
andpizza.com,1
kaspi,1
getdowntolunch.com/044374,1
propaganda,1
lanclos,1
classic,1
covers,2
sale,2
770-539-3482,1
keough,1
ricketts,1
awhile,1
esteban,1
anglopohobia,1
shit,13
holla,1
vista,3
hugss,2
dekel,1
162355,1
-ra,1
2500,1
roomies,1
savage,3
dies,2
philzcoffee.com,2
journey,1
u139,5
u138,1
u137,1
u136,1
pizzas,1
weekend,20
u132,6
u130,3
jones,21
happening,7
jackel,1
94103,1
94107,1
jacket,1
subsitute,1
162172,2
5stardealer.ca,1
beaner,1
steenburg,1
33733,1
laura,1
manager,11
4806v,1
skin,7
sanni,1
joshy,1
5.60,1
78840,1
milk,3
suicide,1
yummy,5
shopwildbleu.com,2
disgusting,4
gerber,1
yummm,1
0,20
landers,3
13156,1
kuruvilla,1
appleton,1
shoot,2
smartphone,9
lumpkin,1
thebomb.com,1
lynch,1
ownerlistens.com,6
governments,1
6503878603,1
staples,1
limes,1
did,9
cleaners,1
dia,1
99703,1
magnet,1
item,5
lockley,1
dix,2
round,2
tnx,1
wooten,3
818-359-0681,1
0900am,2
popcorn*,1
norris,1
favour,1
addy,1
mv,1
suspect,2
international,1
kelsey,2
transportation,1
ms,4
bloke,2
reinburst,1
henry,2
french,4
laughin,1
agurlwithbigguns,1
wait,8
box,10
boy,11
battling,1
hbd,1
garnier,1
bot,2
dixon,3
boi,1
boo,3
bob,2
biographys,1
wilker,2
treasure,1
aidan,1
zareen,1
patriots,1
159570,1
sweating,1
hellooooooo,1
aye,1
visit,3
france,1
23392,1
creamy,2
perv,2
black,5
thru,2
checkout,6
^ba,1
cortnie,1
bennett,1
garciae,1
ooo,2
9/19/16,1
bigham,1
13647,1
oot,1
tandem,1
savior,1
4694463209,1
fly,3
cream*,1
mmhmm,1
2538462171,2
soul,4
wallet,1
32909,1
9th,1
waller,1
16037,1
\\ty,1
arrive,4
32901,1
crazy,4
edna,1
fuck,6
agent,1
8082653953,1
4613,1
dennis,2
10:20am,1
lucifuge,1
pink,3
falklands,1
u112,2
raya,1
sunday,4
sword,1
tatters,2
muahsssssssssssssssssss,1
2707,1
naaaice,1
146,1
map,1
snd,1
may,6
max,2
149,2
mankind,1
snp,108
guys,27
man,22
conely,1
neck,2
johnson,16
maybe,9
6199209566,1
q,3
deposit,1
habicht,1
basket,1
tall,4
padilla,1
talk,10
serge,1
-alex,1
cute,3
shield,1
2715,1
mcelheny,1
pfftt,1
peterson,2
blooded,1
10696,1
group,1
thank,3
|urlgen,1
interesting,9
thanx,12
listing,2
tweets,2
mail,8
texas,3
looby,1
finance,2
views,2
|=d,1
sooner,1
lunch,2
janczura,1
aslan.ca,1
safari,2
bullshit,2
developments,1
thjbddc,1
2629,1
artist,1
36826416,1
msners,1
rock,4
x10,1
*struggles*,1
03330,1
much..,2
331440,1
agie,1
steinkamp,1
manifesto,5
johnson-hattaway,1
girl,18
summary,1
carlisle,1
gonzalez,5
napolitano,1
jackson,9
3rd,1
gonzales,2
619-212-0713,1
bruvv,1
hitech,1
montoya,2
correct,19
sikis,1
lag,1
orz,1
monster,1
ejuices,1
perfectly,1
brooks,9
oro,1
california,4
vinyl,1
pre-tory,1
keith,2
24566,1
advance,5
underwear,1
415.305.0290,1
language,1
standby,1
thing,28
yest,1
yess,1
think,8
waited,1
first,7
lyons,3
question,24
rachel,1
crib,1
817-456-7705,1
houle,1
long,7
little,4
arco,1
11th-15th,1
anyone,1
appointmt,1
moisture,1
speaking,1
cabral,1
707-888-7131,1
eyes,6
mays,4
westmister,1
pompano,1
broadcast,1
jerketts,1
hartford,1
23232,1
11,4
10,57
13,3
12,1
15,8
14,1
16,2
18,2
browning,1
victorian,1
booted,2
werd,1
were,3
coconut,1
dugan,1
alston,1
topics,1
voices,2
bcfh,1
terwilliger,1
dasd,1
surgery,1
kevin,7
speakers,1
urself,2
lagana,1
pineda,1
answering,1
shocked,1
bailey,3
davies,2
tories/snp,1
channel,3
jungle,1
200,3
frost,1
pain,3
norman,1
normal,1
track,2
paid,8
veroni,4
nolan,1
sheets,1
complaints,1
tracy,2
beth,3
refunds,1
televoting,1
neo-colonialism,1
bangin,2
trotter,1
aispuro,2
refundf,1
muahhhhh,1
shop,1
rating,4
raniya,1
show,13
-pn,2
ahain,1
begged,1
tt.tt,1
corner,2
=^.^=,1
856-9839,1
2527,1
dick,4
behind,1
krebs,1
niaki,1
germs,1
bonka,1
broge,1
hooooo,1
u115,16
u114,9
u117,1
u116,3
u110,5
u113,1
get,9
merkel,1
u119,3
u118,1
employers,1
tired..,1
94122,1
gen,2
thanksss,1
90630,1
i-15,1
zwada,1
6.5,1
morning,29
tesora,3
stupid,1
desigens,1
www.facebook.com/easybreezysf,1
honesty,1
alcoser,1
seat,4
j.,1
sean,5
jerkettes,1
24/7,5
8:30am,1
78x,1
tynon,1
whereabouts,1
enough,6
gaga,1
marvin,3
oropeza,1
macfarlane,1
august,5
parent,3
kool,3
jw,1
tut,1
31-6,1
jr,19
tango.net/r/txt,1
ji,1
jk,7
lopez,5
jb,1
dates,3
fried,2
ferwerda,1
saratoga,1
chelsea,2
hekmati,1
waint,1
tout,1
generalisation,1
12270,1
cancer,1
inocentes,1
tastings,1
technicalities,1
yooooo,1
considering,1
awsome,2
gourc.com,1
barry,1
artz,1
ucla,1
mark,2
mart,1
borders,1
excitin,1
dyfs,1
mary,2
davila,1
shopping,2
30100586,1
squash,2
bmw,1
3000-,1
bottle..,1
weebly,1
^,7
sound,1
klaus,2
2895,1
youkn,1
profiles,3
n't,16
1726,1
ongoing,1
ignition,1
rhodes,2
cancelled,1
cock,2
lilia..,1
coffee,39
middle,1
pedofile,1
everyday,2
different,2
pat,1
doctor,1
pay,5
same,8
speech,2
o'brien,1
burford,1
ls854932744cn,1
struggling,1
pal,3
oil,1
10-28,1
brampton,1
assist,1
coggieeee,1
riggs,1
running,1
heyheyhey,3
totally,1
hgfhgfjgf,1
weave,3
raaaaaaaaaaaaaaaaaaaaaaaaaaaaa,1
maroney,1
bottle,6
pa.,1
lysol,1
muahhh,2
affair,1
dickson,1
money,33
blackshire,1
instagram.com/myprecisepack,1
6193095148,1
jimin,1
flavor,4
barbados,1
asthma,1
mathias,2
prieto,1
coffey,2
dunham,1
heavies,1
oyola,1
pill,2
borat,1
jake,1
simmons,4
mom,7
partyyy,1
disappointed,4
mod,8
laflora,1
vending,1
adams,2
ukeepoutofmycountry,1
server,2
thorpe,1
audience,1
either,8
doll,2
textnow.com,2
gaffney,1
16940,1
cabs,1
onuimso,1
shem..,1
bones,1
outs,1
ellis,1
confirm,25
esparza,1
fluids,2
alonzo,1
ellie,1
kmt,1
thejchurch.com,1
mwah,1
seconds,2
each,2
dokterstas,1
arts,1
ls679528362cn,1
feeds,1
skeen,2
x30,1
*cont,1
island,2
stretch,1
pineset,1
pockets,1
west,4
mixed,1
katzman,1
road,1
asen,1
decimated,1
muchacha,1
blessed,2
gomen,1
gomer,1
gomez,4
breath,1
ortiz,2
distracted,2
madden,2
stahn,1
mondays,1
4:30,1
..xx,1
chatr,1
spicy,2
ibiyemi,1
shrugs,1
spice,1
benton,1
706-200-1155,1
vomit,2
strawberry,1
manuel,3
embed,1
2089910,1
deep,2
general,1
deel,1
enable,1
file,1
girlfriend,2
film,1
again,116
zelda,1
field,1
cleanup,1
98.6,1
gildner,1
obsessed,1
kidneypuncher.com,1
oooooooooooooonnnnnnnnnnnneeeeeeeeeeeeeeesssssssss,1
brandy,2
diablo,1
chris,6
breaux,1
20mins,2
subdivision,1
casts,1
shafer,1
u,77
7744,1
alright,2
deluxe,2
oran,13
liar,4
founder,1
duplicates,1
suns,1
dollar,5
thristy,1
sergey,1
sonoma,1
rosales,1
danforth,1
talks,2
children,1
dennako,1
those,1
chucking,1
testing..,1
enjoying,1
hellooo,1
mandela,1
premium,1
gutierrez,7
sitting,2
lianna,1
colwell,1
fall,1
difference,4
steph-test,1
messagemate,1
denovos.com,1
75033,1
fincionando,1
independence,1
short..,1
neighborhood,2
ditto,1
when.thanks,1
qwertyuiop,1
zero,1
perspective,1
lawyer,1
further,2
creatures,1
brackett,1
defence,2
sir/ma'am,1
1107,1
sides,1
2548,1
diaz,8
dias,1
tagabu,1
u172,1
u170,2
u175,1
component,1
sasota,1
twana,1
njinga,1
aviles,1
17429,1
jonas,1
theresaharrison.com,1
conte,1
acevedo,1
pelgone,1
yessum,1
airport,1
ervin,1
milky,1
sufle,1
enad,1
buses,1
barker,1
africa,1
pg04,1
24-4,1
merchan,1
24-1,1
24-3,1
24-2,1
suits,1
kloock,1
eye,1
fixxed,1
levine,2
kellysfitness.net,1
destination,1
texting,4
two,4
correspondents,1
sarnie,1
wiper,1
wipes,1
staggering,2
woeful,1
bagwell,1
naruhina,1
particular,2
cheesemaking.com,1
town,8
none,1
hour,8
recall,1
dewald,1
sucks,12
dev,1
dem,1
deb,1
vroman,1
-whitney,1
androids,1
fillin,2
stubborn,1
zhamkochyan,1
stacking,1
prods,1
share,1
dubose,1
lolol,1
numbers,7
baburaj,1
sharp,2
robinson,11
biography,1
copeland,4
needs,2
drained,1
lanfray,1
comfort,1
patton,1
9-4pm,1
cst,1
civilisation,1
quora,1
waez,1
petite,1
advice,4
bko,1
questioning,1
it..,1
blood,2
coming,6
92544,1
bloom,1
response,26
brady,2
coat,1
7147245173,1
1472,1
crowder,1
responsibility,1
deshon,1
lmfaooooo,1
pleasure,4
playing,1
travel,1
infant,1
azerbaijan,1
performance,3
kmyg6,1
through,8
existence,1
suffer,1
leibowitz,1
johnson-womack,1
ok.,16
24,1
25,4
26,6
27,2
20,14
22,2
23,1
thnx,1
28,2
millender,2
late,8
eeek,1
2:45pm,1
pad,1
tolliver,1
lookout,3
freund,2
someone,3
9/27,1
uhh,2
mccullough,1
oka,1
humans,1
wally,1
grubbs,1
peps,1
dobreva,1
easily,1
excruciating,1
2x,1
drake,1
malone,1
token,16
goofy,2
uuuhhh,1
vanwright,1
everyone,32
another,4
comeau,1
house,7
fish,2
hard,5
idea,7
engaging,1
huhuhuhuhu,1
portland,2
hart,1
randolph,1
insurance,2
harp,1
deals,16
perry,2
saenz,1
rimer,1
bummed..,1
6x9,1
print,2
wedtborough,1
o'hearn,1
pathetic,2
lawrence,1
casillas,1
toscano,1
pleasant,1
difficulty,1
-cameron,1
members,3
guidotti,1
laughable,1
onsite,1
baalke,1
benefits,3
apartheid,1
computers,1
vadell,1
5sos,1
holguin,1
taha,1
configurations,1
0.01,1
dont,1
leggings..,1
-david,7
tigner,2
269411,2
done,19
wages,1
cups,3
30002212,1
mwp,1
gator,2
5th,3
least,2
mami,1
trafficccccccc,1
mama,1
ton,1
mame,1
draper,1
paro,1
gilmer,1
park,3
aaahhhh,1
dentist,1
part,2
doctors,2
believe,1
mclaughlin,1
b,13
650-825-1166,2
recording,1
2753,1
booth,2
ca10943,1
bertani,1
ca10947,1
ca10945,1
ca10949,1
ages,2
lettierilindsey1,1
5217,1
baculo,1
1:00,2
confirms,2
orders,2
cardigan,1
blanco,1
k.,3
couch,1
majority,1
build,2
rafters,1
jakie,1
patterson,1
chars,1
salmon,1
chart,1
smtm4,1
diversed,1
comps,1
1.2.3,1
services,5
eskimo,1
11:11,1
786-528-3955,1
11:15,1
giggling,2
kk,1
87.7,1
again..,1
kw,2
ky,2
thomas,14
rachal,1
country..,1
hopper,1
fink,3
whitfield,1
businesses,2
frisco,1
fine,15
choco,1
nervous,1
19th,1
idiots,2
9:00am,1
cough*,1
8,13
ruiz,1
douglass,1
30080911,1
batten,1
express,2
3112484,1
ferrer,1
15420,1
92154,3
huff,1
662070439,1
suarez,1
remove,1
brooker,1
garcia,9
9405510897700079464395,1
schwirian,1
trayvax,1
liller,1
individual,1
whyyy,1
quiche,1
11th,1
kts,1
repairs,1
howze,1
please,79
benefield,1
fans,1
toledo,1
erich13,1
mooooooooooooooooooooooooooo,1
.lol,1
937-236-8000,3
mccray,1
responses,3
osley,1
gonczar,1
pissed,3
kovacs,1
36830745,1
reverse,1
8-jul,1
matkin,3
alot,7
^parisa,1
cakes,1
elliot,2
supply,1
simple,1
sufranwlondon,1
expensive,4
435797222,1
mikey,1
32084,1
ireland,1
meeting,2
4,21
kathy,2
anythin,1
gay,7
u153,1
u155,2
cruelty,1
u156,12
13350,1
understand,8
prices,2
makeup_monthly,1
underdogs,1
vann,1
politician,2
pratorius,1
619-666-8308,1
sobo,1
convo,2
elections,1
g-mobile,1
heya,1
sexuality,1
sobs,1
fun,16
2night,1
cents,2
10am-8pm,2
decoration,1
itself,2
sectarianism,1
cddvb,1
leaving,1
winegar,1
monroe,2
7/20,1
butcher,1
curnutt,1
tacey,1
ruth,1
eww,2
nydia,1
development,1
mylupeshousecleaning.co,1
yesterday,9
syl,1
moment,8
purpose,1
watton,2
flagg,1
order..,2
ahamd,2
*shudders*,1
portillo,1
pic.twitter.com/jxz2lbv6o,1
y,4
organization,1
vazquez,2
spend,1
18536,1
buell,1
vindictive,1
criss-cross,1
702-818-5465,1
distracting,1
29191,1
thorough,1
rutkowski,1
*facepalms*,1
wage,3
biebsa,1
cut,3
cup,5
melinda,1
makers,1
uche,1
homies,2
easter,1
excited,2
hates,1
bin,1
bio,3
big,4
www.googlemaps.com,1
christina,1
matters,2
biz,1
bit,7
918-740-7022,1
knock,2
semi,1
c.lt/luckydaysms,1
walrus,1
apo,1
google,7
often,2
absolutely,2
listninig,1
schock,2
pricing,3
mirror,1
2877,1
nicaragua,1
brent,2
cyb3r,1
decision,3
bst,1
pen,1
connecting,1
pee,2
apoligize,1
asap.-ant,1
patient,1
300,1
opencart,1
costumer,1
costumes,1
11213,1
hahahahaha,2
asdasd,1
u988,1
u989,1
8pm,2
goody,1
drama,1
today..,1
hahahaa,1
hahahah,2
hope*,1
grammy,1
retailer,1
nse,1
martinez,5
reciept,1
74144c67,1
wahoooooooski,1
10:15am,1
ontario,1
mka,5
22mm,1
defensesoap.com,1
-160417,2
forward,3
bortnik.net,1
invite,6
boyd,1
29579,5
byrne,1
murphy,1
immigration,6
mancillas,1
pounder,1
boys,1
e-161174,1
sdm,1
-jesika,1
-catherine,1
mych,1
adair,1
planet,3
impared,1
security,1
geesh,1
mckinnon,1
lyf,1
montion,1
cafe,4
as,1
gofullpayment.com,1
%,43
kirk,3
statement,1
ellen,1
finley,2
gross,2
druid,1
prepared,1
scholarships,1
2gather,1
hanson,2
wolski,1
vehicles,1
512-252-9011,1
sallis,1
2001,2
2007,1
monis,1
stroller,1
rinse,4
arvey,1
jason,1
ca10965,1
hairston,1
cynthia,1
coupke,1
penis,1
groceries,1
golfer,1
graves,1
biiiiiitch,1
affiliates,1
helps,1
maddin,1
maryland,4
102662,1
staffing,1
avalon,1
10/31-11/06,1
overplaying,1
clement,1
sdlfkjsj,1
chucho,1
knight,2
checking..,1
populism,1
dupa,1
ploom.com,1
bortnik,1
vela,2
rivers,1
lorraine,1
rivera,2
edison,1
165-20,1
giving,1
anthem,1
kookies,1
-20,1
access,1
dlls,1
demartini,1
3m,1
3a,1
^nb,1
body,2
exchange,6
twitter.com/healthmktg,1
jennings,1
1337,1
444,1
peggy,1
sink,1
others,6
6198133858,1
luis,1
8696,1
38,1
talent,1
33,1
31,1
92139,4
6197880714,1
35,2
34,1
3+,1
gays,1
=real,1
names,3
hennen,1
scandal,1
805-660-6119,1
-teddy-,1
chi,1
chp,1
415-606-4416,1
debbie,1
testtesttesttesttesttest,1
themselves,2
bothways,1
0.5,2
payne,6
caquez,1
train,2
ashamed,1
30090274,1
iii,3
subscription,2
account,20
neked,1
f,7
715pm,1
6169154192,1
erwin,1
unreal,2
praise,1
parquet,1
parkway,1
didnt,3
awesomee,1
echols,1
embury,1
muahz,1
299nespanishtrail,2
lamb,1
democracy,1
afk,5
kenna,1
iida/goodio,1
afc,1
prestashop,1
braswell,1
feta,1
tdf2015,1
stock,11
watery,1
fran,1
waters,3
v2y-1n5,1
reimold,1
'urlgen,1
dominick,1
mayden,1
lovessss,1
favoritr,1
lines,2
159423,1
9am,2
laurie,1
ledesma,1
horne,1
meter,1
mcgrath,1
horny,2
bunch,4
reidy,1
lg,1
laboy,1
la,6
44720,1
ll,1
burgandy,1
li,1
lt,1
marsh,3
mag.com,1
alvarado,1
lz,1
dad,4
stjohnbrewers.com,2
dam,1
dan,4
dao,1
dat,2
mention,1
cutting,1
sonata,1
mandate,2
day,73
9668,1
10pm,3
l.,5
63123,1
spokesperson,1
morris,1
lingerie,1
latham,1
toke,1
disregard,2
slacker,1
sil,1
goodrum,1
dixie,1
apologize,6
loopers,1
salesman,1
4-oct,1
brundige,1
matt,5
nebox,1
attend,2
announces,1
rep,1
citywidemassage.com,2
grebb,1
mate,24
arkansas,3
661.379.4986,1
stud,1
mata,1
lecture,1
ref,1
red,6
u91,11
u90,1
christensen,1
u95,9
u97,1
u96,2
u99,7
frank,5
dman,1
720958015fef5376c,1
volumes,1
quo,1
backwards,1
yard,1
bowman,3
miu,1
barriere,2
baymiller,1
*too,1
retail,2
south,3
comfused,1
beisel,1
lollll,1
franks,1
improvements,1
puppet,1
calderon,1
pots,1
5544,1
5545,1
rocha,2
111649,1
silverado,1
91321,1
kinnock,1
cabin,1
scans,1
else..,1
explanation,1
nobody,1
7.44,1
environmental,1
palafox,1
toryour,1
knowles,1
ipad,17
shampoo,2
wasup,1
establishment*,1
verseas,1
whispre,1
comfortable,1
keeney,2
mornings,1
unlikely,1
have,18
keener,1
saklap,1
congrats,2
inadvance,1
parks,5
montgomery,2
mir,1
77098,1
inconvonance,1
sebourn,2
retzlaff,1
savaged,2
sedan,1
sfd,1
561-574-5576,1
payment,5
ishmael,1
frederick,3
632893,1
send.thsnks,1
kelsie,1
},3
selection,1
jamie-lee,1
text,33
charles,3
nagy,1
kits,1
supporter,2
staff,9
5pm,3
scorpion,1
prante,1
controls,3
thenewshype,3
satan,2
communist,1
regularly,1
xdd,1
hahdhdhshhs,1
exceptional,1
coworker,4
bean,4
yaniv,1
areas,1
4877,1
94043,1
951-205-7611,1
2792,1
cycles,1
gibson,3
exists,1
dillon,3
mattix,1
minister..,1
17703,1
greece,1
sllr2qb4ecer,1
xxxxx,1
wb,4
maynard,3
interview,3
reform,1
ralph,1
feedbak,1
selfemployedking.com,1
-seth,1
discounts,1
rothrock,2
2.thanks,1
progress,2
information26mmurlgen,1
sushirock,1
deliver,1
thanks-,1
armenia,1
2pm,2
janel,1
ragle,1
nightmares,1
eldonna,2
empathy,1
9302436,1
joke,13
dildos,1
^caro,1
trips,1
fulfilled,1
busted,1
9/7,1
glorious,1
otherwise,2
comment,5
vent,1
^lb,1
denim,1
teasing,1
shppng,1
mensringstore.com,1
vend,1
wettstein,1
161700,1
laugh,4
now..,1
watkins,1
alrigh,1
romero,1
darren,1
7099,1
tyler,1
certain,1
cripos,1
finishes,1
sorensen,1
letteme,1
6959,1
finished,2
bull,1
tbdliquids.com,1
huehue,1
divisions,1
bye,19
plain,1
92113,6
92114,7
examine,1
value,2
plair,1
promoted,1
frustrating,4
dykes,2
yes..lol,1
159532,1
manually,1
linkedin,2
helped,2
sympathiser,1
crash,1
helpen,1
),4380
mcdermott,1
tumbler,1
hendricks,1
powell,2
ls698753397cn02853436369,2
practice,1
samantha,1
ios,2
fucker,1
bullying,1
takers,1
sisters,1
macedo,1
hahahahahahahahahahahahahahahaha,1
paredes,1
chcken,1
center,1
4011,2
e-160148,1
thought,1
oops,6
position,2
neoliberalism,1
bendle,1
restuarant,1
ny,6
burgos,1
test2,2
barking,1
643-0965*,1
wagner,8
gerken,1
seats,5
griffith,1
ads,3
1.2bn,1
poooland,1
add,1
^laura,2
destroy,1
ohhh,1
match,1
adi,13
resolved,4
dryed,1
testy,2
twats,2
fyi,2
204-6264,1
267-400-0052,1
dryer,1
gmail.com,83
minderhout,1
dtvinc.net,1
x-mas,1
sowwy,2
like,23
ysssssssss,1
11pm,1
haynes,3
chica,1
mccorkle,1
heee,1
heeee,1
works,12
soft,1
tioseco,1
armand,1
pelsue,1
hugggs,2
smaligo,1
alive,1
swimsuits,1
hair,1
wider,1
southan,1
proper,1
haix,1
happens,8
est,4
1-866-410-4190,1
97233,5
97230,4
screwed,1
chains,1
conference,1
noise,1
panet,1
beeb,1
822-6189,1
dripler,1
gleaton,1
grrl,1
noisy,1
about,17
puffpuffpassit.com,1
boards,1
yoyos,1
6am,1
33069,1
gabis,1
blessings,1
baxter,1
conway,1
socks,2
speaking^^,1
chronic,1
weekends,1
-linda,1
female,2
opgelost,2
custard,1
wack,2
aranda,1
elastic,1
buckle,4
comida,1
maze,2
groff,1
u79,3
u78,2
chatting,2
u73,6
bus,2
brand,2
u70,14
u76,3
but,3
u74,2
cheking,1
bum,1
443-614-0111,1
bud,2
stratagems,1
8/4,1
8/2,1
8/3,1
1188,1
pistachios,1
wish,5
j,6
petiodp,1
farrar,1
3333333333333333,1
replying,2
pin,1
whisper,4
pic,11
pie,2
pig,1
pip,1
collier,1
dawson,1
shooting,1
o.0,1
montes,1
dressed,1
11'hrs,1
detail,1
ingles,1
headmistress,1
sandy,1
cashed,2
divasbff,1
appologize,1
boone,1
dtdaeb8e7cc0dc443c836c69e45c810f66-cowb3ll,8
wussups,1
crumbaker,1
figgins,1
yelp,2
baker,2
4u,1
4s,1
original,3
92170,1
yell,1
4b,1
8th,1
limited,1
hats,1
sleep,10
lokuta,1
hate,1
sanford,1
replacements,1
vile,1
paris,5
tweet,1
92651,4
under,2
softener,2
@,13
geeshhh,1
risk,3
50ml,1
descriminate,1
jack,3
aim.com,1
10966,1
school,5
10963,1
calif,1
ceron,1
tours,1
advise.elliot,1
enjoy,3
polls..,1
torres,2
feathers,1
nair,1
street,15
202-669-0599,1
kentucky,3
refur,1
defilippis,1
akbar,1
blue,2
hide,1
christ,2
619-971-8614,1
selected,1
surely..,1
abides,1
gng,1
kicked,2
frattoys.com,1
pratt,1
flores,2
studio,1
34342,1
acceptor,1
2044,1
ventures,1
changed,8
/1500,1
16001-4155,1
94025,1
zingler,1
tokans,1
97266,1
changes,4
changer,2
julie,3
fm20swa,1
feelings,1
patience,1
ebony,1
amberlynnharp.com,1
would,4
unfunded,1
hospital,2
m.,4
tl,1
puleo,1
7604434423,1
chargers,2
asses,1
ableman,1
deville,1
alvarez,3
25th,1
m8,1
breathe,1
replys,1
sammich,4
grief,2
phone,49
excellent,6
pouch,1
shetty,1
me,232
md,5
mg,1
ma,1
9-4,7
dodd,2
mm,1
mo,2
mi,3
mj,2
daft,1
ventress,1
mp,6
install,3
mr,2
bbc1,4
my,4
swiper,1
is..,1
-matt,9
dolphin,1
sdasdasd,1
5618065669,1
keep,2
end,12
ene,3
returning,1
-al,2
writers,1
rodela,1
elizabeth,2
rummo,1
yummylicious,1
deperro,1
mmmmmmmmmm,1
bohrer,1
salsa,1
shattuck,2
danny,1
serties,1
7/7,1
7/1,1
harley,1
allison,2
ultimate,1
enter,3
amir,1
nyc,3
vits,1
over,11
orang,1
08872,1
london,2
agree..urlgen,1
hypocrisy,1
2:00,1
howdy,4
bishes,1
imo,2
cantu,2
espinoza,1
imy,1
5756403445,2
iowa,1
revelations,5
~winkz~,1
listerine,1
wyckoff,1
rental,2
tomrrow,1
syndorme,1
alex,6
tweedledee,1
chuck,5
detroit,1
hohohohhohhoo,1
fitness,1
dodged,1
riight,1
saturday,9
'\\/,1
driving,3
god,3
washed,1
philz4lyfe,1
melecio,1
nite,2
got,5
lail,1
gov,9
ogrady,1
varge,1
scopes,1
frei,1
mitchener,2
9ee,1
free,13
fred,1
jammers,1
icky,1
85338,1
-genzen,1
pmsl,1
estefan,1
quitkarwaoyaaro,1
days,29
nabizada,1
lozano,1
hopeless,1
mcparand,1
msn.com,1
already,15
6622070439,1
rant,4
nhs,4
toy,1
hauck,1
top,8
kisch,2
fiction,1
tok,1
c1118,1
alohas,1
too,80
97215,1
97216,1
97211,1
mistie,2
murder,1
pridemore,1
tooo,1
tool,2
72173,1
brushed,1
past,2
wilkinson,1
erickson,1
1979,3
immigrants,7
oct.,1
-andrea,1
classes,1
flame,2
marpel,1
campa,1
barroga,1
gasery,1
rae,1
jucilicious,1
rak,1
rav,1
talking,3
.25,1
ray,2
harper,1
-,51
isolated,1
1610,2
froogle,1
hour..,1
2149062683,1
laughed,1
snob,1
u59,9
u58,5
though,29
u55,20
u54,32
u57,5
u56,20
u51,13
u50,29
u53,38
u52,41
rumble,1
abc,1
coil,1
coin,1
38748,1
rogers,1
peery,1
metal,2
bejar,1
lyle,1
yang,1
entertaining,3
tippens,1
lyles,1
"esco,92026",1
labels,2
colors,4
popp,1
radio,3
solutions,2
earth,3
36792855,1
availability,1
rotmann,1
shaffer,1
spite,1
florent,1
sycophantic,1
skogsr,1
vinny,3
ocp,1
chipotle,1
geez,1
fontaine,1
gees,1
watch,3
castellow,1
6/5,1
lamborghini,1
wedding,2
report,2
mcclay,1
12-5,3
6/8,1
countries,1
//www.shadowbots.com,4
15056,1
public,3
twice,5
porrillo,1
inconvience,1
automatic,2
manuella,1
daugherty,1
5000,2
nui,1
corrupt,1
disturbing,1
comcast.net,1
1200101,1
face*,1
rx200s,3
mug,5
finger,2
hopefully,2
mum,2
rims,1
confusion,1
metz,1
thatjessgirl92,1
weak,1
however,2
boss,2
beanatividad,1
eli,19
bosh,1
news,35
newp,1
hills,1
letman,1
fault,2
10981,1
10983,1
games,6
alanna,1
hypocrites,1
looters,1
25608,1
expense,1
efrati,1
yereee,1
sullivan,4
kwh,1
-keesh,1
freimark,1
karen,2
starling,1
towels,1
moochhhhhhhhh,1
75457,1
uhhuh,2
truss,1
hijo,1
bathroom,1
been,4
heyyyyyyyy,1
beer,3
expected,1
xxs,1
3363016283,1
drugs,2
xxx,17
prava,1
dasdasds,1
constantlyvariedgear.com,1
lepe,1
xxo,2
kids/teens,1
asknigelfarage,1
n,6
85295,1
|mondomobile,3
dashboard,2
stelly,1
della,1
veronica,3
now=-scary,1
brewer,5
sweeeeeeeeet,1
-aa,1
kapusta,1
30261670,1
13yrs,1
noplaceinthiscountry,1
santucci,1
suggest,1
bacci,1
complex,1
inventory,1
several,1
80002,7
48430,1
2090029,1
fridays,1
7605809440,1
cycle,2
brosky,1
shortly,11
orekoya,1
pam00614,1
mother,1
jean,1
spencer,2
ownerlistens.com/mate,1
burrell,1
30111922,1
benavides,1
laptop,1
torah,1
meechoovet,1
tapjoy.com,1
campbell,4
9192193395,1
maisel,1
elo,1
scorpio,1
cherry,1
emperola.com,1
ela,1
33982,3
30-2,1
encinia,1
coonarsee,1
37033074,2
newcastle,1
niteeeeeeeeeeeeeeeeeee,1
tatala,1
burnt,1
4li,1
apart,1
gifs,1
59,3
58,1
gift,1
footy,2
57,1
hunt,2
50,1
any1,1
informative,1
56,1
proudly,1
jennifer,4
hs2,1
everbody,1
election,7
ninos,1
advertise,1
52,1
doorstep,2
cooper,3
clash,4
sep.,1
u43,20
u40,11
ice,4
everything,12
3:38,1
llloooozzzzeeerrrrzzzzzzzzzzzzzzzzzzzzzzzzzzzzzzzzzzzzzzzzzzzzzzzzz,1
p'port,1
whitaker,1
christmas,1
deleted,1
corn,2
u45,23
aliviasimone.com,5
discount,5
hsy,2
cory,1
2089311,1
u820,1
britanniques,1
11357,1
o'neal,4
dinner,2
plus,1
duke,1
lomeli,2
7602468172,1
froze,1
civic,1
ahh,1
ppl,9
accommodate,1
emigrate,1
git,1
responsiblity,1
nunez,1
why,6
virgin,5
anderson,8
gothca,1
guajardo,1
hahhahahaha,1
questionable,1
realtor,1
head,4
medium,6
-shannan,4
26-27,1
scouse,1
2333,1
uncle,1
hands*,2
removed,2
barista,3
hoping*,1
ruined,1
comenting,1
unboxing,1
vigilantecoffee.com,2
hassle,3
97055,1
2438,1
hhhhh,1
kaufman,1
musabaev,1
perez,7
tuncle-cockerham,1
milifandom,1
check,29
looked,2
nm,4
no,58
na,2
nc,2
when,8
ne,1
ipjone,1
chakraborty,1
nz,1
whew,1
whet,1
np,6
tie,3
708-532-1775,1
17606937995,1
picture,7
football,1
meza,3
timsuren,1
zzzzzzzz,1
*why,1
uffff,1
^c,1
longer,1
n/,1
75248,1
8996,1
spanked,1
mayowa,3
serious,3
^g,1
there:512-560-4014,1
rom,1
ron,6
lorna,2
test11111,1
roa,1
rob,3
rod,2
focus,2
roy,1
parker,9
comments,3
llc,3
row,1
30050041,1
essentials,1
6193414968,1
-tierney,1
saldivar,1
charge,8
promoting,1
henderson,1
trident,1
duplessis,1
mg.,1
3333,4
cnn,1
tanks,2
3334,1
249-1829,1
tactical..,1
cool,38
level,4
philippines,1
peeps,2
brother,2
standards,1
*waves*,1
espanol,1
yall,5
guzzling,1
ihatesomepeople,1
says,10
.dave,1
18178,1
cyber,3
colin,1
trent,3
soward,1
port,1
drinks,4
*yawn*,3
choral,1
stands,1
u37,34
u36,19
u35,54
u34,55
u33,29
u32,18
u31,32
u30,46
reply,47
u39,14
u38,7
1234,1
1230,1
23664,1
1233,1
water,3
860-584-7333,1
yazolino,1
groups,1
congelaron,1
[,1
naylor,1
preorder,1
-jim,1
healthy,1
sucka,1
dtef6913fa5e1240a68b9141baf075dd2c-cowb3ll,7
1807,1
janice,1
humour,1
soybeans,1
durham,2
candice,1
jose,1
langlois,1
smallish,1
crisis,1
loveing,1
rethi,1
russell,4
msn,1
iphone,60
msg,1
hinton,1
today,72
propres,1
rios,2
garciavillanueva,1
sessions,1
cashier,1
chocolate,1
beers,1
appoinment,1
julius,1
jude,1
judy,2
terrell,1
cris-cross,1
figure,2
nexus,1
24977,1
inheritance,1
9496728798,1
shopmvg.com,1
1,18
rubio,1
90740***,1
naivety,1
corridor,1
axis,1
vodafone,1
!,4939
unbelievable,2
fascist,2
granddaughter,2
crashed,1
levi,1
4th,1
eddala,1
avengers,1
tories,48
succeeded,1
manana,1
representation,3
refund,40
ortez,1
food,10
2pm-6pm,1
9500-1163-2457-6144-0049-50,1
aha,1
mistrusts,1
wallace,12
platform,3
offers,2
drippler,11
farmer,2
mofo,1
happened,11
weathers,1
moms,1
conversations,1
squonk,1
tommorrow,1
hamilton,4
preuba,1
tere,1
corolla,1
diseast,1
debating,1
possibilities,1
fosbaugh,1
bbcqt,9
shy,1
hahaahahahaha,1
webinar,1
suzanne,1
washbay,1
oklahoma,3
factory,1
-james,1
attracted,1
roofing-fortwayne.com,1
kent,2
stell,1
kidnaped,1
sopko,1
she,2
simes,1
clover,8
theory,1
www.harriscomm.com,1
hulu,1
curable,1
dispatcher,1
yup,7
awesomeeeeee,1
estelle,1
zoma,1
turn,1
yum,5
raleigh,1
turd,1
1001,1
1000,2
sanchez,5
merrill,1
tezino,1
wave,2
halawi,1
ayers,1
george,4
district,2
stuck,8
14534,1
yepper,2
arsehole,1
14532,1
www.steenhoeven.nl,1
terrifying,1
mmmmmmmmmmmmm,1
white,8
independant,1
gives,1
hug,1
hua,1
books=great,1
hun,5
huh,10
callaghan,1
cops,1
dfdfdf,1
shirley,2
holder,1
matteau,2
milton,1
wide,1
7602249413,1
nathan,2
lmao,62
wido,1
diplomatic,1
r,5
mcbride,1
cards,6
questions..,1
parnell,1
j/p,1
781-436-4747,1
pro,1
mateo,1
mates,3
j/k,2
any,5
corbett,2
noches,1
anyare,1
ideas,1
phillips,5
gaugler,1
ridwaan,1
omggg,2
xxxxxx,2
votes..,1
hoover,3
betrayal,1
clearer,1
somechance,1
161954,1
proud,2
hungry,3
microskin,2
hear,3
quantity,2
announced,1
cheap,1
pffft,1
^^^,1
troy,1
tks,7
dll,1
haskins,1
landis,1
woot,1
genius,2
crime,1
woof,1
connecticutt,1
brissette,1
wooo,2
hanley,1
adeccowaytowork,1
correctly,5
1308,1
nell,1
backpeddling,1
installed,3
dya,1
regarding,1
aluminum,1
radar,1
1823,1
naked,2
jokes,1
paper,2
hablitzel,1
dough,1
y'all,2
bril,1
dickhead,1
college,1
parking,2
apologies,2
stanley,1
braden,1
military2f-f4s5s65t,1
ways,1
review,5
all..,1
inlow,1
outside,5
239-600-7523,1
pobnder,1
caucus,1
pietras,1
rumours,1
dinero,1
flow,1
shantest,5
fkajslf,1
*cuddles*,1
libya,3
kicking,1
region,1
amalfi,1
fhghhhh,1
deported,1
duty,1
afterwards,1
ulicne,1
color,9
pos,1
pop,1
details..,1
60,1
dmark,1
colona,1
mris,1
1985,1
bizarre,1
ekblad,1
polk,1
nicole,4
ivery,1
howard,6
coupa,2
702-249-2541,1
*wow*,2
u19,42
u18,40
u11,28
u10,6
u13,11
u12,13
u15,18
u14,6
u17,18
u16,27
630,1
direction,3
tasteless,1
andrew,1
distingues,1
washthanks,1
6s,1
repond,1
minister,3
andrea,1
irrelevant,1
8261,1
case,6
myself,6
-pam,1
poletto,3
cash,7
aol.com,14
586-3966,1
cast,1
mods,1
shops,1
dolls,3
3865,1
good,81
numbe,1
gonzaga,1
14-20,1
annoying,8
hertory,1
annapolis,1
bowl,3
trip,5
catfish,1
runge,1
week,26
driver,3
weed,1
boothe,1
changing,2
cartoon,3
eucalyptus,1
breakdowns,1
davidson-harger,1
pennsylvania,1
.urlgen,2
842-0883,1
relief,1
model,1
reward,1
22772,1
rodwell,1
6719,1
gavin,1
kill,1
harrison,1
baldwin,1
blow,1
hint,2
srecnow.com,1
s**t.,1
except,1
blog,1
lets,1
19314,1
rosy,1
regene,1
ross,5
3489,1
mystery,1
kills,1
kirby,1
\\,6
virginia,1
moustache-,1
cuppers,2
piandes,1
denise,2
dummmm,1
helplistens,1
patrice,1
patrick,2
ajodha,1
sanity,21
tower,1
pereira,1
broxken,1
joking,1
20619,1
nudus,1
robbin,2
down..,1
gvh,1
ricabal,1
o*,1
dunbar,1
mooi,1
slick,2
moon,1
gits,1
buddha,1
..shock,1
provider,2
porter,1
o0,3
optima,1
freedo,1
lmfao,5
twomessages,1
nails,1
slaughter,1
39723,1
509.381.0004,1
_,2
on,66
om,4
ol,11
ok,236
oi,3
walton,3
of,15
pre-authorization,1
stand,2
gregory,1
os,1
or,5
filkins,1
amber,1
ladies,7
hellcat,1
75x,1
^dv,1
^dh,1
accounts,1
xxjmy,1
harrell,2
7143210424,1
aye..,1
therd,1
there,83
racism,1
mulville,1
strickler,1
valles,1
racist,10
valley,3
morrison,3
:1831,1
ewing,1
spose,1
e-158968,1
polasek,1
onid.oregonstate.edu,1
18.99,1
wholesale,1
shauna,1
flinton,1
usted,1
strongly,1
username,1
taylor,5
taste,3
ahahha,2
shoulders,1
kimble,3
18036,1
politics,5
bishop,3
byeeee,1
idiot,3
deserve,1
rosen,1
8673,1
hoffner,1
5,9
8676,1
iga,1
hmu,1
requested,1
beaule,1
symbol,2
hawthorne,3
bullets,1
wrongun,1
included,6
funding,1
-mari,1
farms,1
-mark,1
calls,1
wife,5
chuey,1
wifi,2
parsons,1
unscathed,1
-mary,5
25.95,3
stowell,1
alo,2
all,80
8/4/2016,1
goveia,1
fuegs,1
follow,1
hfglhs,1
hmmm,4
alcatraz,2
jessie,3
e-161356,1
apartment,1
companies,1
wassup,2
dtv-installations.com,1
question-dodging,1
aaron,1
program,4
alicea,1
presentation,2
woman,4
worse,2
song,5
far,12
blanchard,2
faq,1
fav,1
fat,1
ouch,1
870-403-1812,1
fan,1
***,1
fam,2
awful,1
fag,1
and,18
muscoreils,1
list,7
losito,1
lisa,3
ten,2
tea,5
tec,1
rate,2
invention,1
design,3
tes,1
chegg,1
16315,1
what,14
suc,1
sub,1
pinterest,1
sun,2
suk,1
suh,1
crush,1
2380,1
2383,1
version,4
sup,4
2389,1
christian,2
unprofessional,1
866-544-1689,1
1:00pm,1
bossink,1
jkjk,1
leeds,1
andrews,1
75201,1
8466667,1
breakable,1
mmm,3
314-854-1318,1
horrified,1
pramis,1
2164,1
4950,1
options,14
hahaaa,1
texts,1
snug,1
proceed,1
donuts,3
faint,1
shite,1
nowwww,1
resident,2
bonilla,1
lgpppp,1
evelyn,1
inlaw,1
minor,1
emoticon,1
israel,4
knows,4
33/1,1
davila-martinez,1
10w3v3,1
floyd,1
20001,1
akre,1
eden,3
awesomeee,1
levan,1
h/t,2
402-769-9950,1
v,5
robinson-young,2
karangalan,1
rosenfeld,1
embarrassing,1
military2f-c833427t,1
joints,1
pursell,1
sympathisers,1
kronenfeld,1
pong,1
www.myshapelipo.com,1
10/31-11-4,1
goal,2
desperation,1
hardencustomhomes.com,1
256-353-8712,1
-ben,1
explains,1
anti-snp,1
sandwich,3
okay,26
spitzer,1
catalog,1
warehouse,6
brands,1
numb,1
rinehart,1
huerta,1
maybsss,1
susan,4
grandy,1
merchs,1
-mar,1
stash,1
shore,1
barbs,1
alcaraz,1
rentals,1
began,1
________________________________,2
canadaian,1
-jordan,3
snppride,1
september,2
buckheister,1
mission,1
disabled,1
cook,3
isnt,1
rj759016319cn,1
1.98,1
jaquias,1
-gracielle,1
avenue,4
style,2
blast,1
slipped,1
pray,1
nsbzhdnxndamal,1
hahahahahhaha,1
stephen,1
might,1
lyden,1
return,8
hunter,3
speechless,1
30121640,1
cho-co-late,1
caruth,1
instructions,5
comfirm,3
619-726-3999,1
5690,1
pro-clegg,1
mastercard,1
roebuck,2
colder,1
hawaii,1
wilbern,2
autoreplies,1
prolly,2
alcohol,1
p,151
4pm,1
lucifer,1
health,2
hill,4
shipment,4
paradise,1
ojinaga,1
lolz,1
benjamin,3
fiber,2
wisconsin,2
friday,8
cookie,2
tassels,1
randall,1
reallly,1
mez0006,1
160800a,1
thread,1
fantastical,1
prejudice,1
wellbutrin,1
feed,1
dina,1
feel,1
ewwwww,1
fancy,1
sympathy,1
leibold,1
defects,3
fees,2
t8t0g6,1
moan,3
story,3
temperature,1
leading,1
esau,1
-android,1
sarumi,1
store,54
option,4
schou,1
stonnington,1
hotel,1
from*,1
trtest,1
onstar,1
winton,1
king,10
double,1
zachary,1
libdens,1
outrageous,1
i,13
stall,1
salazar,2
dang,4
wheland,1
8:30,1
12345,1
janney,2
cleaner,1
7b,1
kline,1
palmentera,1
oakes,1
1466,1
interview..,1
tapjiy,1
cleaned,2
fiona,1
wilson,5
nights,1
sesky,2
freshener,1
650-332-8824,1
me..,2
simas,1
hurling,2
judas,1
9849901,1
keji,1
lesefka,1
inconvenience,7
fresco,1
jst,1
75,1
760.880.8232,1
nothing,7
seasons,1
huhu,3
grams,1
1049,1
obediently,1
eliza,2
lying,1
antolik,1
fong,1
stoney,1
kucowski,1
14573,1
kendric,1
whittakerdesig1,1
/e,1
formolo,1
starters,1
loveit,1
shuey,1
moses,1
his,2
dipoppo,1
11-7,1
11-6,1
ave.,1
714-878-6330,1
69,1
him,38
nightengale,1
businesslistingverification.com,1
invisco.com,2
activity,1
cringe,2
carrillo,1
art,2
bart,1
lucenio,1
stefanie,1
achiever,1
barb,1
are,15
-tony,1
chambers,1
bark,1
declined,2
lauren,21
prsentation,1
user,3
pastries/food,1
unions,1
att.net,2
solo,1
korea,1
attention,3
conde,1
shirtstayplus.com,1
ndjs,1
3/5/16,1
c,9
blazer,1
license,1
giles,1
97030,1
blazed,1
gebhart,1
92028,3
8am,1
annie,2
92025,3
92026,7
winbush,1
92021,2
8ag,1
borth,1
guts,1
timewithdustin.com,1
32176,1
e'wjfghky,1
reasons,1
sweet,6
welbaum,1
guzman,1
bulosan,1
dialpad,1
asdf,1
duh,4
pp,1
dum,1
19-may,1
px,1
appears,1
pc,3
pa,8
remodels,1
2369,1
simuolsrc.com,1
dup,2
whoa,1
woke,1
pm,31
flight,1
scypion,1
brantley,1
misbehaving,1
demand,1
1868,1
tips4tanks,1
626-430-8715,1
treadway,1
georgia,1
frozen,1
-maggie,1
kick,1
p.,2
fernandez,1
engineers,1
wozencraft,1
rip,1
disappointing,1
rio,1
numpties,1
sadasd,1
bwahahahahahahahahahaha,1
santos,1
shirt,7
votesnp,5
90740,1
90749,1
move/work,1
9,15
it..thanks,2
spears,1
arrives,1
33333,1
saulter,1
culwell,1
arrived,4
sananikone,1
300083390,1
weird,2
depending,1
anybody,1
edgy,1
cheer,2
edge,1
bounced,1
44145,1
luckyyyy,1
anything..,1
epcot,1
//*,1
jorda,1
questions,27
161427,1
customer-,1
prince,2
hammonds,1
tablet,4
6199205836,1
extra,2
ir..,1
18223,1
generalelection2015,1
619-922-4948,1
plendour,1
complaint,2
678,1
~shelly~,1
unlimited,3
|da,1
39470,1
necessary,2
shephard,1
f/u,1
ignore,3
atomizers,1
gilford,1
..thanks,2
coddington,1
22184,1
understood,1
candy,1
yooou,1
shelley,1
meds,3
prom,1
prog,1
anne,1
prod,1
prob,24
anna,1
angelo,2
vedio,1
lmaoooo,1
palmer,1
zombie,1
most,2
10++,1
frightful,1
range,3
availabilty,1
greetz,1
credible,2
johny,1
so292661,1
zitter,1
e-160356,1
sparkaxis,1
impressed,2
901-283-9853,1
-mike,1
xoxo,10
fast,6
rowe,1
bruh,1
e161864,1
boykai,1
msj,1
94089,1
94080,1
*grins*,1
94086,1
94087,2
nagar,1
nuez-ortiz,2
calley,1
fics,1
naraindas,1
fries,1
z,5
arttrma,1
called,2
bell,4
freak,1
steeped,1
rediculous,1
kathryn,1
coordinator,1
woodard,1
gavulich,1
graham,2
rainbow,1
peace,1
=-\\,1
nick,2
359/hour,1
income,3
mcdonnell,1
heeheeheeheeheehee,1
mock,1
nice,20
dale,1
sutra,1
5322523,1
problems,5
medina,1
problemo,1
everone,1
posters,1
winger,1
pottery,1
pettit,1
remix,1
-sandeep,1
narrative,1
abels=9400111699000479308584,1
nash,1
korkowski,1
once,5
kettle,6
marrufo,1
gant,1
issued,1
548-7663,1
9078,1
steve,2
21561,1
**********************************************************************,1
issues,5
deathwish,1
simon,2
zazzle.com,1
theere,1
squeezing,1
waiters,1
barrera,1
staley,1
confirmation,4
agua,1
illin,1
bryant,2
articke,1
leader,10
emandi,1
session,3
13019,1
pleas,1
someday,1
flashlights,1
goodies,1
ripped,2
3140,1
ummm,2
18074,2
kris,2
waiting,7
kcity,1
nazis,1
flury,1
n.n,1
hdmi,1
desired,1
tomaszycki,1
sexy,4
hoppus,1
ukraine,2
worki.g,1
calvin,1
whitmire,1
ooopppps,1
7/22,2
7/26,1
7/27,1
7/28,1
spices,3
sheila,1
kurtz,1
app,65
apt,2
aboard,2
theifs,1
newby,1
apply,1
moss-herring,1
use,4
fee,6
from,18
usa,7
uso,1
geri,1
few,3
martynyuk,1
92595,4
92596,1
herron,1
parliament,3
journalists,1
porch,1
impress,1
infection,1
sore,1
hiser,1
oickle,1
r/t,1
women,1
freshlife,1
us*,1
anywhere,3
lichau,1
aight,1
amazeballs..,1
proof,3
tat,1
tap,1
tas,1
tax,3
zahid,1
something,15
tab,3
tam,1
tan,1
earlywine,1
koss,1
sir,5
sip,1
314-604-5323,1
mccoo,1
hadley,1
traders,1
brian,4
instead,8
sin,1
2674,1
harding,1
vaccum,1
813-455-3558,2
monaghan,1
10/30,1
hahahaha,3
andress,1
halfa,1
herolf,1
light,4
straps,2
salguero,1
interrupted,1
hum,1
4663,1
honestly,1
necklace,1
tony,2
clinicals,1
mojito,1
130,3
looks,3
jimenez,5
earlier,2
glen,1
superior,2
reeve,1
banner,1
glee,1
ships,3
permanent,1
choose,2
covered,1
holiday,4
byb,1
techcrunch,1
freeman,1
hugzzzzzzz,1
grayling,1
material,1
dever,1
ferguson,2
thunderbird,1
impaired,1
speaks,2
impower,1
tran,1
hotline,1
bills,4
chandran,1
bentley,1
barnett,3
nhs..,1
our,5
80,3
out,99
chaos,1
gritt,1
okey,1
hmmmmm,1
disclose,1
o.o,7
ipod,1
rebuildable,1
promptly,1
stws11592,1
york,3
6622997454,1
implode,1
ca10995,1
g,7
raber,1
via,84
832-860-2696,1
ca10999,1
conversation,6
hahahahahahahahaahahahahahahahahahahahahahahahahahahahahhahahahahahahahahhahahah,1
zen-threads.com,1
club..,2
ltd,2
*hugggs,1
cain,2
13694,1
twat,4
allix,1
ybarra,1
bonner,1
utc,1
myspace,2
priority,4
kusulas,1
maddish,1
yaaaaa,1
'79,1
xnxx,1
shell,1
academy,1
juli,1
2088,1
slider,1
regards,2
macqueen,1
13805,1
july,2
yoder,1
holland,4
3883,1
jody,1
boring,4
10-8,1
10-9,1
patients,1
150w,1
rosesandteacups.com,1
55414,1
splatter,1
cohen,2
teenagers,2
williamson,1
803-8083,1
linked,1
-frank,1
russians,1
skittles,1
www.ownerlistens.com,1
krista,1
nkeonye,1
which,1
asshole,2
hp,1
thajaja,1
^^,10
who,5
judice,1
class,3
advettisement,1
polyester,1
refreshing,1
tory-lite,1
^j,1
hi,197
weekendofmadness,1
o'shea,1
ho,1
heintzman,2
brenda,1
chances,1
agreed,2
95008,3
16275,1
nies,2
democrats,2
chicken,3
debate,16
mugs,1
combs,1
operational,1
-pris,1
combo,1
piano,1
margo,1
local,2
39786,1
muahzzzz,1
watching,3
hete,1
dope,2
flirting,1
vacumm,1
awww,1
ones,3
words,1
delgado,2
chips,1
brain,1
married,4
qa,11
betancourt,1
8669982877,3
generations,1
view,2
available,18
unisom,1
5618068339,1
eubanks,1
6/30/2015,1
paulson,1
seitz,1
code..,1
gmail,1
cole,1
closet,1
rickett,1
2623530762,1
superb,1
favor,1
kidwell,1
closed,1
frustrated,2
pants,2
616-333-2717,1
ability,1
avor,1
joy,2
transcribeme,1
vin~ella~n~ava,1
embarrassment,2
job,13
joe,1
mcdowell,2
jon,3
barrett,2
eyes*,1
storrs,1
ttip,2
lorencz,1
13030,1
hehehe,3
disenfranchised,1
wall,4
walk,2
packaging,1
3169,1
ignoring,1
jeffweiner,1
bbl,1
salgado,1
rusty,1
bbc,6
bbb,3
responds,1
freeeezinggg,1
ladler,1
bbz,1
bbs,3
naples,1
mike,15
nickel,1
fleetstreetfox,1
half-frozen,1
conferm,4
hmm,6
improved,4
dangit,1
unlike,1
restaurant,4
choices,2
will,28
vicky,1
gouthro,1
~,7
kuczynski,1
ringing,1
othing,1
dripp,1
rooster,1
avi,1
everyday..,1
ave,6
ava,1
whore,1
www.enstoyota.ca/vehicles/used,1
hueeeee,1
mauldin,1
blount,1
pweeze,1
member,1
castillo,3
inch,2
phylli,1
difficult,2
elbows,3
reece..,1
slave,1
promo,2
definately,1
disagree,1
goverment,1
lobby,4
arse,2
hyperpigmentation,1
92069,2
dorta,1
banging,1
fighting,1
chocha,1
conley,1
qualified,1
english,4
rocker,2
camel,1
11:20pm,2
offensive,1
facebook,5
cries,1
hoeks,1
tweeddale,2
westminster,3
console,1
4700,1
drunk,1
smith,32
hall,7
other,5
attractive,2
cactusmailong.com,1
nos,1
knob,1
hugsss,1
sick,6
myth,1
kellogg,1
know,59
presume,1
knox,1
name,42
30052936,1
e-158475,1
ahem,1
heyyyyyy,2
menard,1
13550,1
501-545-0089,1
loser,1
taxpayers,1
7/16,1
smoothly,2
scared,2
scottish,1
d'ivoire,1
11+,1
110,2
8053007402,1
jeremy,5
14th,2
lear,2
earrings,1
murdoch,2
murdock,1
bitxh,1
'ello,1
11b,1
wilmont,1
qualls,1
xdesign,9
gudday~,1
shan-test,1
mordecai,1
11s,1
pasta,1
paste,1
shopify,1
hhehe,1
getting,1
shipping,10
swear,2
shipped..,1
sweat,1
petanmart,1
spiller,1
wavegroupinc.com,1
warranty,2
own,6
fundraiser,1
weather,1
promise,2
registration,1
cormier,2
hiiii,2
eh,1
*blush*,1
2.50,1
appz,1
grapevine,1
*,33
apps,11
kidding,8
atkinson,1
slkfjsldkfjs,1
kang,1
breeding,1
cliff,1
7606707113,1
nederland,1
shane,2
weeeeeeeeeeeeeeeeeeeeeeeeed,1
601-575-3171,1
39437,1
riordan,1
made,2
wating,1
madi,1
record,7
"200,000",1
trung,1
158948,1
ex,1
cmon,1
91730*,1
jenny,1
atter,1
goodness,1
^sa,1
^sb,1
5633,1
cason,1
mutual,1
123456,1
incredible,1
boor,1
illinois,1
book,2
branch,1
chatted,1
1566,1
chavez,3
heidi,1
abourted,1
u154,2
reanna,1
1659,1
kinda,2
richardson,5
themidtownbizarre,1
upwards,2
pringo,1
10/1,1
nkosi,1
10/9,1
pierson,1
coffee=,1
tpries,1
